image,actual,predicted
gmn_6853up.jpg,NoTrash,NoTrash
nm_133up.jpg,NoTrash,NoTrash
gmn_5380up.jpg,NoTrash,NoTrash
nm_1722up.jpg,NoTrash,NoTrash
nm_2825up.jpg,NoTrash,NoTrash
Screenshot-2025-07-19-163551_png.rf.a9ace650f1b1e2c6be970ea67098d63e_aug2.jpg,Trash,Trash
nm_2953up.jpg,NoTrash,NoTrash
nm_223up.jpg,NoTrash,NoTrash
gmn_5672up.jpg,NoTrash,NoTrash
gmn_7857up.jpg,NoTrash,NoTrash
nm_1527up.jpg,NoTrash,NoTrash
gmn_7269up.jpg,NoTrash,NoTrash
gmn_5919up.jpg,NoTrash,NoTrash
Screenshot-2025-07-19-163538_png.rf.5097c2ba92fa84d3685cd7a88856c2a8_aug10.jpg,Trash,Trash
Screenshot-2025-07-19-163630_png.rf.10da156521a587f2b3a0ffbe9ac33ddf_aug12.jpg,Trash,Trash
Screenshot-2025-07-19-163059_png.rf.1b9b070f3998fdeb5205a395fc2a8b99_aug9.jpg,Trash,Trash
nm_2351up.jpg,NoTrash,NoTrash
nm_1825up.jpg,NoTrash,NoTrash
nm_2229up.jpg,NoTrash,NoTrash
Screenshot-2025-07-22-092218_png.rf.dc7c387e7291c09c5aab20fc93b0436b_aug7.jpg,Trash,Trash
nm_839up.jpg,NoTrash,NoTrash
frame_16230_jpg.rf.8d17a4aec093370d6ada0567bdfde7f4.jpg,NoTrash,NoTrash
nm_621up.jpg,NoTrash,NoTrash
Screenshot-2025-07-19-161132_png.rf.b2fef92eaefee7e381ae8a228b505677_aug8.jpg,Trash,Trash
Screenshot-2025-07-19-161559_png.rf.d089f3ed9c1d2cf9f7afd7829eacce2b_aug10.jpg,Trash,Trash
nm_2988up.jpg,NoTrash,NoTrash
nm_1351up.jpg,NoTrash,NoTrash
Screenshot-2025-07-19-162326_png.rf.78f29106a62e20b6ce412592fca5ddb9_aug10.jpg,Trash,Trash
Screenshot-2025-07-19-165336_png.rf.5ca96d3999e88d0cbf81ca84af9efefa_aug5.jpg,Trash,Trash
Screenshot-2025-07-22-092928_png.rf.85fbce3efa955d170e29c12ac2cc29f0_aug10.jpg,Trash,Trash
test_9064up.jpg,NoTrash,NoTrash
gmn_5533up.jpg,NoTrash,NoTrash
Screenshot-2025-07-19-160632_png.rf.bc88e852a1277e8c77290818d504f2eb_aug5.jpg,Trash,Trash
Screenshot-2025-07-22-094026_png.rf.c42df110aad7dae407c6f4db1e0bbd06_aug4.jpg,Trash,Trash
frame_10470_jpg.rf.63dbad49f4bc6130d8b6d320773c2e44.jpg,NoTrash,NoTrash
nm_438up.jpg,NoTrash,Trash
Screenshot-2025-07-22-092152_png.rf.3ca503e70030b53af907fa58805f10a3_aug10.jpg,Trash,Trash
gmn_6577up.jpg,NoTrash,NoTrash
gmn_6966up.jpg,NoTrash,NoTrash
gmn_8027up.jpg,NoTrash,NoTrash
nm_3102up.jpg,NoTrash,NoTrash
Screenshot-2025-07-22-094724_png.rf.b4a3163d67272f0255f336576b92e6d6_aug5.jpg,Trash,Trash
Screenshot-2025-07-19-162938_png.rf.0fb3c4ddd22ea22d916c299823c99a8f_aug2.jpg,Trash,Trash
Screenshot-2025-07-19-164114_png.rf.3162a254511e22af39d3053e0d07444a_aug12.jpg,Trash,Trash
nm_154up.jpg,NoTrash,NoTrash
Screenshot-2025-07-22-010052_png.rf.8a0f053f900a7a44a16d0317e0d836b1_aug8.jpg,Trash,Trash
nm_368up.jpg,NoTrash,NoTrash
Screenshot-2025-07-19-162956_png.rf.1f312ed3ff667b9badf2a61f91b1752c_aug9.jpg,Trash,Trash
frame_23910_jpg.rf.1ca1bcea6257dc60e13fb4ed04e8e1d8.jpg,NoTrash,NoTrash
Screenshot-2025-07-19-162114_png.rf.3e3ca972918d668ff8901b3e9c9eaed9_aug7.jpg,Trash,Trash
Screenshot-2025-07-22-094445_png.rf.d13ba748c844a5a282ee193262055769_aug4.jpg,Trash,Trash
nm_1111up.jpg,NoTrash,NoTrash
frame_25350_jpg.rf.594e58a4a045c1b78de3ae1a75778e31.jpg,NoTrash,NoTrash
Screenshot-2025-07-22-092737_png.rf.a5f992f7d70f35221e78738f81aa36d4_aug8.jpg,Trash,Trash
Screenshot-2025-07-19-162633_png.rf.fdcbb9311796b917b273db87719060bf_aug5.jpg,Trash,Trash
Screenshot-2025-07-22-094238_png.rf.3cf78076c3caa7844f25d4018383f52d_aug1.jpg,Trash,Trash
nm_1513up.jpg,NoTrash,NoTrash
gmn_7622up.jpg,NoTrash,NoTrash
nm_1188up.jpg,NoTrash,NoTrash
nm_2764up.jpg,NoTrash,NoTrash
gmn_8080up.jpg,NoTrash,NoTrash
nm_2576up.jpg,NoTrash,NoTrash
Screenshot-2025-07-19-163202_png.rf.0678698d259ce4c430047deb27f3978b_aug14.jpg,Trash,Trash
gmn_6167up.jpg,NoTrash,NoTrash
Screenshot-2025-07-19-161647_png.rf.e428c67e9d30c0b85197b6c602d9bf05_aug2.jpg,Trash,Trash
gmn_6278up.jpg,NoTrash,NoTrash
nm_2441up.jpg,NoTrash,NoTrash
test_9145up.jpg,NoTrash,NoTrash
nm_47up.jpg,NoTrash,NoTrash
gmn_5125up.jpg,NoTrash,NoTrash
gmn_8093up.jpg,NoTrash,NoTrash
Screenshot-2025-07-19-161308_png.rf.19e7d5f8adda644f7c66239825c2ec02_aug13.jpg,Trash,Trash
nm_191up.jpg,NoTrash,NoTrash
nm_1822up.jpg,NoTrash,NoTrash
Screenshot-2025-07-22-094619_png.rf.6eda4d2016d598c386d37dd21060f124_aug4.jpg,Trash,Trash
OIP_webp.rf.3074b5b5d3e7fe9d72d19dd8d3436313_aug14.jpg,Trash,Trash
Screenshot-2025-07-19-162938_png.rf.0fb3c4ddd22ea22d916c299823c99a8f_aug4.jpg,Trash,Trash
nm_2267up.jpg,NoTrash,NoTrash
nm_2087up.jpg,NoTrash,NoTrash
gmn_6122up.jpg,NoTrash,NoTrash
Screenshot-2025-07-19-165248_png.rf.02b850c83cd111149efd7272d4d9e320_aug7.jpg,Trash,Trash
gmn_5929up.jpg,NoTrash,NoTrash
Screenshot-2025-07-19-162226_png.rf.0959f303f6327a78e959dff1fe5d408f_aug14.jpg,Trash,Trash
nm_2337up.jpg,NoTrash,NoTrash
Screenshot-2025-07-22-092522_png.rf.c6c505198ee1a9601ef5070d000e492c_aug8.jpg,Trash,Trash
nm_2871up.jpg,NoTrash,NoTrash
frame_20820_jpg.rf.6bde58f0f97170eb657f4ce56fc9e4e6.jpg,NoTrash,NoTrash
gmn_5429up.jpg,NoTrash,NoTrash
gmn_6991up.jpg,NoTrash,NoTrash
nm_578up.jpg,NoTrash,Trash
Screenshot-2025-07-22-093754_png.rf.e23c3b384fa63570a380f6f61e7989a7_aug6.jpg,Trash,Trash
Screenshot-2025-07-19-165411_png.rf.e64afa8c4647f899d8d2d513d41215e8_aug14.jpg,Trash,Trash
gmn_5990up.jpg,NoTrash,NoTrash
Screenshot-2025-07-19-161904_png.rf.4301a23c81fdb69fb41d3467476e9325_aug12.jpg,Trash,Trash
frame_24300_jpg.rf.bff927dc2d0117dc9e014d8a0ba76366.jpg,NoTrash,NoTrash
nm_1568up.jpg,NoTrash,NoTrash
nm_3049up.jpg,NoTrash,NoTrash
nm_2977up.jpg,NoTrash,NoTrash
gmn_7352up.jpg,NoTrash,NoTrash
Screenshot-2025-07-19-162004_png.rf.fe84924ac861f1c4febd767aacf68503_aug0.jpg,Trash,Trash
nm_2055up.jpg,NoTrash,NoTrash
test_9191up.jpg,NoTrash,NoTrash
nm_1849up.jpg,NoTrash,NoTrash
Screenshot-2025-07-22-083739_png.rf.82b48a4654330eae91bd9c84042a5903_aug13.jpg,Trash,Trash
Screenshot-2025-07-22-093433_png.rf.323b8696e6aa47cb01bc62bed6b1eef9_aug2.jpg,Trash,Trash
nm_2255up.jpg,NoTrash,NoTrash
gmn_7970up.jpg,NoTrash,NoTrash
nm_477up.jpg,NoTrash,NoTrash
gmn_6143up.jpg,NoTrash,NoTrash
Screenshot-2025-07-19-163024_png.rf.d1e9b8b39f128dc636f919a05c0cd6db_aug4.jpg,Trash,Trash
Screenshot-2025-07-19-162004_png.rf.fe84924ac861f1c4febd767aacf68503_aug13.jpg,Trash,Trash
nm_1817up.jpg,NoTrash,NoTrash
Screenshot-2025-07-22-092948_png.rf.a5ed02bf8eb84b4ffe13577c69e2760c_aug4.jpg,Trash,Trash
nm_140up.jpg,NoTrash,NoTrash
gmn_6333up.jpg,NoTrash,NoTrash
Screenshot-2025-07-19-160455_png.rf.03ab1ef6dd8c4d48235e92fefaada285_aug14.jpg,Trash,Trash
gmn_7459up.jpg,NoTrash,NoTrash
nm_884up.jpg,NoTrash,NoTrash
gmn_5668up.jpg,NoTrash,NoTrash
Screenshot-2025-07-22-010022_png.rf.73b909a895fc1fa90aeaab17758c8431_aug2.jpg,Trash,Trash
frame_16950_jpg.rf.8c4bae8eb6d4135133c037a431853b1c.jpg,NoTrash,NoTrash
Screenshot-2025-07-19-160906_png.rf.db405618b9e89f8585260024348e5ca5_aug5.jpg,Trash,Trash
Screenshot-2025-07-19-161739_png.rf.36b4b819ec7ac478da808fb18f382dc5_aug6.jpg,Trash,Trash
Screenshot-2025-07-22-093829_png.rf.75aabfae05e8337dc2ab086e22a26c7f_aug7.jpg,Trash,Trash
gmn_7542up.jpg,NoTrash,NoTrash
frame_33780_jpg.rf.ecfff0d1b46f86ce0faf4608f9fa8a08.jpg,NoTrash,NoTrash
gmn_7304up.jpg,NoTrash,NoTrash
nm_2776up.jpg,NoTrash,NoTrash
nm_971up.jpg,NoTrash,NoTrash
nm_232up.jpg,NoTrash,NoTrash
Screenshot-2025-07-19-162226_png.rf.0959f303f6327a78e959dff1fe5d408f_aug9.jpg,Trash,Trash
gmn_7763up.jpg,NoTrash,NoTrash
nm_3080up.jpg,NoTrash,NoTrash
Screenshot-2025-07-19-165256_png.rf.07b243054a5ab8ef94a46169bed690f5_aug6.jpg,Trash,Trash
gmn_5866up.jpg,NoTrash,NoTrash
Screenshot-2025-07-19-162049_png.rf.85fe9e91661c83d6cdff77b325c06791_aug3.jpg,Trash,Trash
Screenshot-2025-07-19-161308_png.rf.19e7d5f8adda644f7c66239825c2ec02_aug11.jpg,Trash,Trash
nm_2141up.jpg,NoTrash,NoTrash
Screenshot-2025-07-22-092540_png.rf.1c410c656f38babf2582660aef77f9ad_aug6.jpg,Trash,Trash
Screenshot-2025-07-19-161323_png.rf.9030aa1b302fbddade5975493b1cae5f_aug8.jpg,Trash,Trash
Screenshot-2025-07-22-092652_png.rf.c9c1d9cc2d6912bcae4fc4291ff2e9ed_aug4.jpg,Trash,Trash
nm_3162up.jpg,NoTrash,NoTrash
nm_986up.jpg,NoTrash,NoTrash
nm_1143up.jpg,NoTrash,NoTrash
Screenshot-2025-07-22-093754_png.rf.e23c3b384fa63570a380f6f61e7989a7_aug3.jpg,Trash,Trash
Screenshot-2025-07-22-094433_png.rf.f5716f05e55f6e1679690a1e31bfbe62_aug8.jpg,Trash,Trash
gmn_6593up.jpg,NoTrash,NoTrash
frame_14970_jpg.rf.84f81e759cdcac0aef936aece4c44b75.jpg,NoTrash,NoTrash
Screenshot-2025-07-19-163011_png.rf.0e515f56d2523c4530e67fc496159457_aug2.jpg,Trash,Trash
nm_1790up.jpg,NoTrash,NoTrash
gmn_6234up.jpg,NoTrash,NoTrash
gmn_6414up.jpg,NoTrash,NoTrash
nm_2897up.jpg,NoTrash,NoTrash
nm_1133up.jpg,NoTrash,NoTrash
shutterstock_287424425_webp.rf.a4c2578e06267ce10fcf6f593c7f20e3_aug14.jpg,Trash,Trash
Screenshot-2025-07-22-092128_png.rf.020353087ec3bdf054513b76a76e0386_aug1.jpg,Trash,Trash
Screenshot-2025-07-22-093856_png.rf.c1bfd30da9ecf76ea9443b82c115a37e_aug3.jpg,Trash,Trash
Screenshot-2025-07-19-164056_png.rf.c4a683633fb9875ff934f777ccef9388_aug7.jpg,Trash,Trash
Screenshot-2025-07-22-092310_png.rf.241068704223f0f240777f5e597d565d_aug9.jpg,Trash,Trash
gmn_8090up.jpg,NoTrash,NoTrash
Screenshot-2025-07-19-160855_png.rf.9d9adc59f06fe20f5e4d5602fbc9f562_aug5.jpg,Trash,Trash
Screenshot-2025-07-19-163954_png.rf.cae52b395da205b9a6b504291de76915_aug0.jpg,Trash,Trash
gmn_7172up.jpg,NoTrash,NoTrash
nm_3077up.jpg,NoTrash,NoTrash
gmn_6952up.jpg,NoTrash,NoTrash
Screenshot-2025-07-19-163413_png.rf.38ed61e46ffc2dd126f175fc319a01ff_aug1.jpg,Trash,Trash
Screenshot-2025-07-22-092652_png.rf.c9c1d9cc2d6912bcae4fc4291ff2e9ed_aug11.jpg,Trash,Trash
gmn_5954up.jpg,NoTrash,NoTrash
nm_3155up.jpg,NoTrash,NoTrash
Screenshot-2025-07-19-162049_png.rf.85fe9e91661c83d6cdff77b325c06791_aug14.jpg,Trash,Trash
nm_1333up.jpg,NoTrash,NoTrash
nm_2609up.jpg,NoTrash,NoTrash
Screenshot-2025-07-19-165256_png.rf.07b243054a5ab8ef94a46169bed690f5_aug5.jpg,Trash,Trash
nm_143up.jpg,NoTrash,NoTrash
Screenshot-2025-07-19-163748_png.rf.6697f44227a3422499c22299b54cd118_aug5.jpg,Trash,Trash
nm_1216up.jpg,NoTrash,NoTrash
test_9268up.jpg,NoTrash,NoTrash
gmn_7678up.jpg,NoTrash,NoTrash
nm_237up.jpg,NoTrash,NoTrash
gmn_5399up.jpg,NoTrash,NoTrash
Screenshot-2025-07-19-163401_png.rf.706c73995fafbc1f7bb69f99bd16e840_aug11.jpg,Trash,Trash
nm_2310up.jpg,NoTrash,NoTrash
gmn_6078up.jpg,NoTrash,NoTrash
Screenshot-2025-07-19-163755_png.rf.b6e0687cdc485b7cbccddaec01fde348_aug13.jpg,Trash,Trash
test_9318up.jpg,NoTrash,NoTrash
nm_1623up.jpg,NoTrash,NoTrash
nm_883up.jpg,NoTrash,NoTrash
gmn_7447up.jpg,NoTrash,NoTrash
gmn_6666up.jpg,NoTrash,NoTrash
nm_202up.jpg,NoTrash,NoTrash
Screenshot-2025-07-19-162335_png.rf.83fbecc0185c330e6c2fd2af941d8d0e_aug0.jpg,Trash,Trash
Screenshot-2025-07-22-094655_png.rf.07e44d196228c7d13273002e1145e07a_aug14.jpg,Trash,Trash
Screenshot-2025-07-19-164930_png.rf.e5646f029c02f5cde7ada6acb5173020_aug4.jpg,Trash,Trash
Screenshot-2025-07-22-093603_png.rf.cd6b21599d4dd87833ea06c9ff2deeb2_aug2.jpg,Trash,Trash
gmn_5831up.jpg,NoTrash,NoTrash
nm_63up.jpg,NoTrash,NoTrash
test_9021up.jpg,NoTrash,NoTrash
nm_2565up.jpg,NoTrash,NoTrash
gmn_5808up.jpg,NoTrash,NoTrash
gmn_6719up.jpg,NoTrash,NoTrash
Screenshot-2025-07-19-161055_png.rf.4b7fd78fd6bb3a467a7c12c194e9dbff_aug14.jpg,Trash,Trash
frame_23490_jpg.rf.3dbc06a10d9116edf2ea95732b552c1c.jpg,NoTrash,NoTrash
gmn_5764up.jpg,NoTrash,NoTrash
gmn_7088up.jpg,NoTrash,NoTrash
Screenshot-2025-07-22-092419_png.rf.1e96da46d4ae8d64d6e4090522020b8c_aug7.jpg,Trash,Trash
gmn_6381up.jpg,NoTrash,NoTrash
nm_1497up.jpg,NoTrash,NoTrash
test_9227up.jpg,NoTrash,NoTrash
Screenshot-2025-07-19-161105_png.rf.a7a1ae0ecc42bfcb48af57eb04425410_aug10.jpg,Trash,Trash
nm_1470up.jpg,NoTrash,NoTrash
gmn_6034up.jpg,NoTrash,NoTrash
Screenshot-2025-07-19-160613_png.rf.272a1b0b45206d42d0695df58b9464d0_aug11.jpg,Trash,Trash
Screenshot-2025-07-22-093010_png.rf.72f8f676321f7d1f997ab471963ee273_aug1.jpg,Trash,Trash
nm_192up.jpg,NoTrash,NoTrash
gmn_7845up.jpg,NoTrash,NoTrash
nm_1676up.jpg,NoTrash,NoTrash
Screenshot-2025-07-19-162812_png.rf.052c4c941c0594a7393405315f509cbc_aug10.jpg,Trash,Trash
Screenshot-2025-07-22-094737_png.rf.971a85e6bc2e7a8ec91f6b0141105bca_aug3.jpg,Trash,Trash
gmn_7062up.jpg,NoTrash,NoTrash
gmn_7332up.jpg,NoTrash,NoTrash
nm_1888up.jpg,NoTrash,NoTrash
gmn_5982up.jpg,NoTrash,NoTrash
Screenshot-2025-07-22-094716_png.rf.fe86175d3f9a030eb6dd3d25ed6057fc_aug5.jpg,Trash,Trash
Screenshot-2025-07-22-092956_png.rf.560b13fa36c2684e06de9f32f6f5e380_aug10.jpg,Trash,Trash
frame_27810_jpg.rf.eda3ffdca8d854e75f1bfe3c20f72eae.jpg,NoTrash,NoTrash
Screenshot-2025-07-22-093521_png.rf.a004a9e0d38c4cdbed7b97f8c78af15d_aug10.jpg,Trash,Trash
Screenshot-2025-07-19-164203_png.rf.c2b7497df23f63a021d9238585b0877b_aug10.jpg,Trash,Trash
Screenshot-2025-07-22-092830_png.rf.d6b22742f036784885dc6b39bf773cf3_aug5.jpg,Trash,Trash
gmn_5116up.jpg,NoTrash,NoTrash
nm_533up.jpg,NoTrash,NoTrash
test_9303up.jpg,NoTrash,NoTrash
gmn_5748up.jpg,NoTrash,NoTrash
gmn_5819up.jpg,NoTrash,NoTrash
gmn_6656up.jpg,NoTrash,NoTrash
test_9269up.jpg,NoTrash,NoTrash
Screenshot-2025-07-19-164001_png.rf.eababd1cb3676edc5436be350f444540_aug8.jpg,Trash,Trash
Screenshot-2025-07-19-162925_png.rf.369a944615dd781423415c64c9569c45_aug4.jpg,Trash,Trash
gmn_8043up.jpg,NoTrash,NoTrash
Screenshot-2025-07-22-092737_png.rf.a5f992f7d70f35221e78738f81aa36d4_aug6.jpg,Trash,Trash
Screenshot-2025-07-19-161514_png.rf.4a82018e7a0f04edfb6091b92816460d_aug1.jpg,Trash,Trash
Screenshot-2025-07-19-163011_png.rf.0e515f56d2523c4530e67fc496159457_aug3.jpg,Trash,Trash
nm_1001up.jpg,NoTrash,NoTrash
Screenshot-2025-07-19-162141_png.rf.21b2aec69db45d85ea44d35287256d19_aug11.jpg,Trash,Trash
nm_2300up.jpg,NoTrash,NoTrash
nm_404up.jpg,NoTrash,NoTrash
Screenshot-2025-07-22-092310_png.rf.241068704223f0f240777f5e597d565d_aug3.jpg,Trash,Trash
nm_1945up.jpg,NoTrash,NoTrash
nm_1672up.jpg,NoTrash,NoTrash
nm_2720up.jpg,NoTrash,NoTrash
gmn_6116up.jpg,NoTrash,NoTrash
nm_163up.jpg,NoTrash,NoTrash
Screenshot-2025-07-19-161132_png.rf.b2fef92eaefee7e381ae8a228b505677_aug2.jpg,Trash,Trash
gmn_5322up.jpg,NoTrash,NoTrash
gmn_6813up.jpg,NoTrash,NoTrash
Screenshot-2025-07-19-161936_png.rf.bda78059f9054005f4ecd59bac9448c9_aug12.jpg,Trash,Trash
nm_1354up.jpg,NoTrash,NoTrash
Screenshot-2025-07-22-092522_png.rf.c6c505198ee1a9601ef5070d000e492c_aug7.jpg,Trash,Trash
gmn_7249up.jpg,NoTrash,NoTrash
gmn_5650up.jpg,NoTrash,NoTrash
Screenshot-2025-07-19-164930_png.rf.e5646f029c02f5cde7ada6acb5173020_aug5.jpg,Trash,Trash
Screenshot-2025-07-22-092830_png.rf.d6b22742f036784885dc6b39bf773cf3_aug7.jpg,Trash,Trash
Screenshot-2025-07-22-093802_png.rf.769ee7b8531064c9c40b049a05b4ff30_aug14.jpg,Trash,Trash
nm_1246up.jpg,NoTrash,NoTrash
Screenshot-2025-07-19-163231_png.rf.28bb67aa0102c5794372028e015f1776_aug14.jpg,Trash,Trash
gmn_7912up.jpg,NoTrash,NoTrash
nm_1848up.jpg,NoTrash,NoTrash
Screenshot-2025-07-22-092258_png.rf.deaf32d69d7438a8cf58f432ee81ef8e_aug1.jpg,Trash,Trash
Screenshot-2025-07-22-093802_png.rf.769ee7b8531064c9c40b049a05b4ff30_aug11.jpg,Trash,Trash
gmn_6395up.jpg,NoTrash,NoTrash
nm_1319up.jpg,NoTrash,NoTrash
nm_3112up.jpg,NoTrash,NoTrash
Screenshot-2025-07-22-093916_png.rf.a2dd399f15205568a96a30ac955182fb_aug5.jpg,Trash,Trash
Screenshot-2025-07-19-163707_png.rf.3222f6f47c78e8dbdbd923e6b7abd861_aug3.jpg,Trash,Trash
Screenshot-2025-07-19-161308_png.rf.19e7d5f8adda644f7c66239825c2ec02_aug9.jpg,Trash,Trash
Screenshot-2025-07-19-165248_png.rf.02b850c83cd111149efd7272d4d9e320_aug2.jpg,Trash,Trash
nm_1797up.jpg,NoTrash,NoTrash
gmn_5033up.jpg,NoTrash,NoTrash
Screenshot-2025-07-22-094647_png.rf.cb8665476cf47843ee06ef1a1f4840c0_aug5.jpg,Trash,Trash
nm_2018up.jpg,NoTrash,NoTrash
nm_362up.jpg,NoTrash,NoTrash
Screenshot-2025-07-22-093856_png.rf.c1bfd30da9ecf76ea9443b82c115a37e_aug7.jpg,Trash,Trash
Screenshot-2025-07-19-162656_png.rf.27f6b0463e6358931a3e4a6b5c3b93b6_aug9.jpg,Trash,Trash
gmn_6852up.jpg,NoTrash,NoTrash
nm_2205up.jpg,NoTrash,NoTrash
nm_1021up.jpg,NoTrash,NoTrash
gmn_5483up.jpg,NoTrash,NoTrash
Screenshot-2025-07-19-162049_png.rf.85fe9e91661c83d6cdff77b325c06791_aug4.jpg,Trash,Trash
nm_2862up.jpg,NoTrash,NoTrash
Screenshot-2025-07-19-162751_png.rf.b2c38f0544b3f4a65210570e2e77b4a4_aug0.jpg,Trash,Trash
Screenshot-2025-07-19-163125_png.rf.d44d500cfae45eca710b15b43b7181ff_aug9.jpg,Trash,Trash
gmn_7065up.jpg,NoTrash,NoTrash
Screenshot-2025-07-19-163059_png.rf.1b9b070f3998fdeb5205a395fc2a8b99_aug0.jpg,Trash,Trash
nm_1049up.jpg,NoTrash,NoTrash
nm_788up.jpg,NoTrash,NoTrash
nm_1327up.jpg,NoTrash,NoTrash
gmn_8099up.jpg,NoTrash,NoTrash
Screenshot-2025-07-19-163024_png.rf.d1e9b8b39f128dc636f919a05c0cd6db_aug12.jpg,Trash,Trash
Screenshot-2025-07-19-160429_png.rf.d1c5b736c88157bf54d214899aae3ae9_aug11.jpg,Trash,Trash
gmn_6107up.jpg,NoTrash,NoTrash
Screenshot-2025-07-19-160948_png.rf.88c6b19b238bc122cc7a58ffb5b12533_aug2.jpg,Trash,Trash
nm_2994up.jpg,NoTrash,NoTrash
frame_34200_jpg.rf.5570880e9de949253780b1d8315fd20c.jpg,NoTrash,NoTrash
nm_1073up.jpg,NoTrash,NoTrash
gmn_6492up.jpg,NoTrash,NoTrash
Screenshot-2025-07-19-160613_png.rf.272a1b0b45206d42d0695df58b9464d0_aug4.jpg,Trash,Trash
gmn_7930up.jpg,NoTrash,NoTrash
frame_28890_jpg.rf.6974e8b1a9e818667cdf2a1eb65f4d13.jpg,NoTrash,NoTrash
nm_1741up.jpg,NoTrash,NoTrash
nm_2698up.jpg,NoTrash,NoTrash
frame_27750_jpg.rf.f5018f191339930aeff1970c7a0cb113.jpg,NoTrash,NoTrash
frame_16200_jpg.rf.30f174644664513dd33241144a45eece.jpg,NoTrash,NoTrash
frame_24120_jpg.rf.792296eca4306cfade3d724d18770df4.jpg,NoTrash,NoTrash
nm_1608up.jpg,NoTrash,NoTrash
Screenshot-2025-07-19-161213_png.rf.32fce5a877c50afd6639a750d2b46edd_aug13.jpg,Trash,Trash
nm_3146up.jpg,NoTrash,NoTrash
Screenshot-2025-07-19-163202_png.rf.0678698d259ce4c430047deb27f3978b_aug5.jpg,Trash,Trash
nm_703up.jpg,NoTrash,NoTrash
test_9236up.jpg,NoTrash,NoTrash
nm_487up.jpg,NoTrash,NoTrash
Screenshot-2025-07-19-165141_png.rf.ce07be4a824b81e646bf6f98daa34fb6_aug0.jpg,Trash,Trash
nm_1181up.jpg,NoTrash,NoTrash
screenshot_7_jpg.rf.c8983469677231d8b8b3727bdad17021.jpg,NoTrash,NoTrash
gmn_6194up.jpg,NoTrash,NoTrash
nm_2790up.jpg,NoTrash,NoTrash
Screenshot-2025-07-19-162004_png.rf.fe84924ac861f1c4febd767aacf68503_aug14.jpg,Trash,Trash
nm_2580up.jpg,NoTrash,NoTrash
nm_2376up.jpg,NoTrash,NoTrash
gmn_6531up.jpg,NoTrash,NoTrash
gmn_6470up.jpg,NoTrash,NoTrash
Screenshot-2025-07-22-092522_png.rf.c6c505198ee1a9601ef5070d000e492c_aug13.jpg,Trash,Trash
Screenshot-2025-07-19-164048_png.rf.73dd8e5bc1a160f10a8fa15e3b946d40_aug0.jpg,Trash,Trash
Screenshot-2025-07-22-093010_png.rf.72f8f676321f7d1f997ab471963ee273_aug5.jpg,Trash,Trash
nm_2532up.jpg,NoTrash,NoTrash
Screenshot-2025-07-19-163153_png.rf.52e3af06e10ae58a0f4a2a20367561b2_aug14.jpg,Trash,Trash
gmn_6723up.jpg,NoTrash,NoTrash
gmn_8081up.jpg,NoTrash,NoTrash
Screenshot-2025-07-22-094737_png.rf.971a85e6bc2e7a8ec91f6b0141105bca_aug7.jpg,Trash,Trash
Screenshot-2025-07-19-162947_png.rf.7114c51149977d97b73b3df7561a12de_aug10.jpg,Trash,Trash
Screenshot-2025-07-22-092059_png.rf.1842f96a91bfdb91de871dcc04333dcc_aug7.jpg,Trash,Trash
Screenshot-2025-07-22-094619_png.rf.6eda4d2016d598c386d37dd21060f124_aug2.jpg,Trash,Trash
nm_222up.jpg,NoTrash,NoTrash
gmn_6540up.jpg,NoTrash,NoTrash
gmn_5505up.jpg,NoTrash,NoTrash
Screenshot-2025-07-19-163835_png.rf.23b14a79b996765438f604daef3ab27e_aug10.jpg,Trash,Trash
gmn_6818up.jpg,NoTrash,NoTrash
gmn_5914up.jpg,NoTrash,Trash
gmn_8016up.jpg,NoTrash,NoTrash
Screenshot-2025-07-19-161349_png.rf.f33ca91ea1347dd1048df8e37c924c33_aug10.jpg,Trash,Trash
Screenshot-2025-07-19-162004_png.rf.fe84924ac861f1c4febd767aacf68503_aug7.jpg,Trash,Trash
gmn_6647up.jpg,NoTrash,NoTrash
Screenshot-2025-07-22-091819_png.rf.fd3b1b052c661c6b38fa75a542f2452c_aug5.jpg,Trash,Trash
nm_2044up.jpg,NoTrash,NoTrash
gmn_5122up.jpg,NoTrash,NoTrash
Screenshot-2025-07-22-093010_png.rf.72f8f676321f7d1f997ab471963ee273_aug2.jpg,Trash,Trash
Screenshot-2025-07-22-092522_png.rf.c6c505198ee1a9601ef5070d000e492c_aug5.jpg,Trash,Trash
gmn_7661up.jpg,NoTrash,NoTrash
screenshot_14_jpg.rf.dc0e6d7792045f76de8902ff1210b174.jpg,NoTrash,NoTrash
Screenshot-2025-07-22-092934_png.rf.4feaf21a9e6a2e8cf5789b51f0a1b1da_aug0.jpg,Trash,Trash
frame_23520_jpg.rf.bce90fc0ba7e33abc1f635dd89a7747f.jpg,NoTrash,NoTrash
Screenshot-2025-07-22-093754_png.rf.e23c3b384fa63570a380f6f61e7989a7_aug11.jpg,Trash,Trash
Screenshot-2025-07-19-160815_png.rf.56650277b547ae5f30e6aae68bd67738_aug10.jpg,Trash,Trash
gmn_6192up.jpg,NoTrash,NoTrash
gmn_5158up.jpg,NoTrash,NoTrash
gmn_6865up.jpg,NoTrash,NoTrash
nm_1793up.jpg,NoTrash,NoTrash
test_9066up.jpg,NoTrash,NoTrash
Screenshot-2025-07-22-010052_png.rf.8a0f053f900a7a44a16d0317e0d836b1_aug6.jpg,Trash,Trash
Screenshot-2025-07-19-165000_png.rf.85cefd6e4c795225c00e515045706918_aug2.jpg,Trash,Trash
gmn_7596up.jpg,NoTrash,NoTrash
Screenshot-2025-07-22-092928_png.rf.85fbce3efa955d170e29c12ac2cc29f0_aug4.jpg,Trash,Trash
Screenshot-2025-07-19-161257_png.rf.e84ba734022227ce47dcb9e6f13fdcf5_aug1.jpg,Trash,Trash
gmn_7900up.jpg,NoTrash,NoTrash
Screenshot-2025-07-22-094227_png.rf.97ad94a30d9ea046b8cf9a1549487473_aug10.jpg,Trash,Trash
shutterstock_287424425_webp.rf.a4c2578e06267ce10fcf6f593c7f20e3_aug0.jpg,Trash,Trash
nm_2423up.jpg,NoTrash,NoTrash
Screenshot-2025-07-22-094503_png.rf.9336c5d622c9f3707bec95b634fd7f71_aug14.jpg,Trash,Trash
Screenshot-2025-07-22-092928_png.rf.85fbce3efa955d170e29c12ac2cc29f0_aug9.jpg,Trash,Trash
gmn_7053up.jpg,NoTrash,NoTrash
nm_1040up.jpg,NoTrash,NoTrash
Screenshot-2025-07-22-092830_png.rf.d6b22742f036784885dc6b39bf773cf3_aug1.jpg,Trash,Trash
Screenshot-2025-07-22-083739_png.rf.82b48a4654330eae91bd9c84042a5903_aug3.jpg,Trash,Trash
nm_1038up.jpg,NoTrash,NoTrash
Screenshot-2025-07-19-164936_png.rf.729833291d274f54edb55cefbe767fe7_aug3.jpg,Trash,Trash
test_9215up.jpg,NoTrash,NoTrash
Screenshot-2025-07-19-163240_png.rf.f9fe44ddeb31f34ba985ac6634e5997a_aug1.jpg,Trash,Trash
Screenshot-2025-07-19-163108_png.rf.87314f295ddd569987b2c2fb8eeaf53c_aug12.jpg,Trash,Trash
frame_22950_jpg.rf.110599d65ca703ef6bc20c0a88667ef4.jpg,NoTrash,NoTrash
frame_15930_jpg.rf.118d2027e516759873afdcd693cc6147.jpg,NoTrash,NoTrash
Screenshot-2025-07-19-161647_png.rf.e428c67e9d30c0b85197b6c602d9bf05_aug11.jpg,Trash,Trash
nm_2259up.jpg,NoTrash,NoTrash
nm_543up.jpg,NoTrash,NoTrash
gmn_6611up.jpg,NoTrash,NoTrash
nm_2657up.jpg,NoTrash,NoTrash
gmn_5907up.jpg,NoTrash,NoTrash
Screenshot-2025-07-19-161257_png.rf.e84ba734022227ce47dcb9e6f13fdcf5_aug8.jpg,Trash,Trash
Screenshot-2025-07-19-164056_png.rf.c4a683633fb9875ff934f777ccef9388_aug12.jpg,Trash,Trash
Screenshot-2025-07-22-093028_png.rf.419f7abbb66a224de925885306d52221_aug0.jpg,Trash,Trash
Screenshot-2025-07-19-160923_png.rf.c0279ed2bae7fba3b7a14d8bdbf3f6c0_aug13.jpg,Trash,Trash
nm_2678up.jpg,NoTrash,NoTrash
nm_1916up.jpg,NoTrash,NoTrash
nm_650up.jpg,NoTrash,NoTrash
nm_1173up.jpg,NoTrash,NoTrash
nm_2600up.jpg,NoTrash,NoTrash
nm_3184up.jpg,NoTrash,NoTrash
Screenshot-2025-07-22-091658_png.rf.b791c451cc4ea3616f1d3693f62ba537_aug12.jpg,Trash,Trash
Screenshot-2025-07-22-092809_png.rf.3d57bff5fb0fe2cfbdff887c78cac120_aug6.jpg,Trash,Trash
gmn_5622up.jpg,NoTrash,NoTrash
Screenshot-2025-07-19-161323_png.rf.9030aa1b302fbddade5975493b1cae5f_aug10.jpg,Trash,Trash
nm_1141up.jpg,NoTrash,NoTrash
gmn_7636up.jpg,NoTrash,NoTrash
nm_2174up.jpg,NoTrash,NoTrash
Screenshot-2025-07-22-092928_png.rf.85fbce3efa955d170e29c12ac2cc29f0_aug7.jpg,Trash,Trash
Screenshot-2025-07-19-160923_png.rf.c0279ed2bae7fba3b7a14d8bdbf3f6c0_aug12.jpg,Trash,Trash
Screenshot-2025-07-22-094445_png.rf.d13ba748c844a5a282ee193262055769_aug11.jpg,Trash,Trash
Screenshot-2025-07-19-161727_png.rf.4b16bbb4a65316f8812d5e16d94014e5_aug12.jpg,Trash,Trash
gmn_7633up.jpg,NoTrash,NoTrash
Screenshot-2025-07-19-163215_png.rf.38c7f3f740d197bc00cfdbe33ed67679_aug0.jpg,Trash,Trash
gmn_7318up.jpg,NoTrash,NoTrash
frame_10680_jpg.rf.955f76dda7f3a6aec2a5ea0fe73475ed.jpg,NoTrash,NoTrash
Screenshot-2025-07-19-161238_png.rf.766f7a5dc5a20884a7265477e70bed52_aug14.jpg,Trash,Trash
gmn_7673up.jpg,NoTrash,NoTrash
nm_750up.jpg,NoTrash,NoTrash
nm_1921up.jpg,NoTrash,NoTrash
Screenshot-2025-07-22-092920_png.rf.e2e489b174bad1cddb543793012eab93_aug3.jpg,Trash,Trash
Screenshot-2025-07-22-092830_png.rf.d6b22742f036784885dc6b39bf773cf3_aug9.jpg,Trash,Trash
nm_434up.jpg,NoTrash,NoTrash
Screenshot-2025-07-19-163806_png.rf.6d054e3236d99463161775fbde463ab8_aug6.jpg,Trash,Trash
Screenshot-2025-07-19-161904_png.rf.4301a23c81fdb69fb41d3467476e9325_aug6.jpg,Trash,Trash
gmn_7544up.jpg,NoTrash,NoTrash
nm_203up.jpg,NoTrash,NoTrash
Screenshot-2025-07-22-092710_png.rf.8d7ca1b348e59dba98c7c14da079ef77_aug4.jpg,Trash,Trash
gmn_5782up.jpg,NoTrash,NoTrash
Screenshot-2025-07-22-093028_png.rf.419f7abbb66a224de925885306d52221_aug13.jpg,Trash,Trash
Screenshot-2025-07-19-164203_png.rf.c2b7497df23f63a021d9238585b0877b_aug0.jpg,Trash,Trash
nm_2932up.jpg,NoTrash,NoTrash
gmn_6824up.jpg,NoTrash,NoTrash
gmn_7500up.jpg,NoTrash,NoTrash
nm_793up.jpg,NoTrash,NoTrash
Screenshot-2025-07-22-094227_png.rf.97ad94a30d9ea046b8cf9a1549487473_aug2.jpg,Trash,Trash
Screenshot-2025-07-19-163202_png.rf.0678698d259ce4c430047deb27f3978b_aug9.jpg,Trash,Trash
Screenshot-2025-07-22-093802_png.rf.769ee7b8531064c9c40b049a05b4ff30_aug9.jpg,Trash,Trash
gmn_5584up.jpg,NoTrash,NoTrash
nm_846up.jpg,NoTrash,NoTrash
Screenshot-2025-07-19-162533_png.rf.8b9b0cf3ad8d237f6b20b04e47fae29c_aug12.jpg,Trash,Trash
nm_2242up.jpg,NoTrash,NoTrash
gmn_5139up.jpg,NoTrash,NoTrash
gmn_7514up.jpg,NoTrash,NoTrash
gmn_7837up.jpg,NoTrash,NoTrash
Screenshot-2025-07-22-094724_png.rf.b4a3163d67272f0255f336576b92e6d6_aug6.jpg,Trash,Trash
Screenshot-2025-07-19-162004_png.rf.fe84924ac861f1c4febd767aacf68503_aug12.jpg,Trash,Trash
nm_1890up.jpg,NoTrash,NoTrash
Screenshot-2025-07-22-092853_png.rf.4b9a3a2f576ef806ec78662a759988a0_aug12.jpg,Trash,Trash
Screenshot-2025-07-19-162938_png.rf.0fb3c4ddd22ea22d916c299823c99a8f_aug9.jpg,Trash,Trash
Screenshot-2025-07-19-161359_png.rf.80b9ddc265300db34e7297430562d588_aug5.jpg,Trash,Trash
nm_1576up.jpg,NoTrash,NoTrash
Screenshot-2025-07-19-162708_png.rf.c25dd3cfc4c83d6feb11d1d8dc56d3c8_aug14.jpg,Trash,Trash
Screenshot-2025-07-19-164153_png.rf.36766fe61e70299cdd8b3e1f6bcbe0f0_aug13.jpg,Trash,Trash
nm_2296up.jpg,NoTrash,NoTrash
frame_11130_jpg.rf.a945f6c489941159593061b6be71e8df.jpg,NoTrash,NoTrash
nm_1400up.jpg,NoTrash,NoTrash
frame_10740_jpg.rf.76dc27075c8b6707d30471f692223131.jpg,NoTrash,NoTrash
nm_2368up.jpg,NoTrash,NoTrash
nm_3144up.jpg,NoTrash,NoTrash
gmn_7271up.jpg,NoTrash,NoTrash
Screenshot-2025-07-19-163202_png.rf.0678698d259ce4c430047deb27f3978b_aug1.jpg,Trash,Trash
nm_1649up.jpg,NoTrash,NoTrash
Screenshot-2025-07-19-162049_png.rf.85fe9e91661c83d6cdff77b325c06791_aug7.jpg,Trash,Trash
Screenshot-2025-07-22-093010_png.rf.72f8f676321f7d1f997ab471963ee273_aug3.jpg,Trash,Trash
gmn_5500up.jpg,NoTrash,NoTrash
Screenshot-2025-07-22-092218_png.rf.dc7c387e7291c09c5aab20fc93b0436b_aug3.jpg,Trash,Trash
nm_786up.jpg,NoTrash,NoTrash
Screenshot-2025-07-19-162059_png.rf.18e7773d17780c4626d7fe8288a7c212_aug6.jpg,Trash,Trash
Screenshot-2025-07-19-161329_png.rf.0860bddf73f521d3dce4b8352a193cc6_aug12.jpg,Trash,Trash
gmn_6914up.jpg,NoTrash,NoTrash
nm_3188up.jpg,NoTrash,NoTrash
Screenshot-2025-07-22-093903_png.rf.7b217ebfe3a5408a5552ea0678ea2f28_aug7.jpg,Trash,Trash
screenshot_4_jpg.rf.aaff3b794d1dbed151223fab6fa89e25.jpg,NoTrash,NoTrash
nm_2929up.jpg,NoTrash,NoTrash
gmn_7541up.jpg,NoTrash,NoTrash
nm_2736up.jpg,NoTrash,NoTrash
nm_2352up.jpg,NoTrash,NoTrash
Screenshot-2025-07-19-163246_png.rf.0b2de9b4e1bf9e1fd3cee064c4738b14_aug1.jpg,Trash,Trash
Screenshot-2025-07-19-165248_png.rf.02b850c83cd111149efd7272d4d9e320_aug13.jpg,Trash,Trash
Screenshot-2025-07-19-162812_png.rf.052c4c941c0594a7393405315f509cbc_aug13.jpg,Trash,Trash
Screenshot-2025-07-22-092258_png.rf.deaf32d69d7438a8cf58f432ee81ef8e_aug12.jpg,Trash,Trash
gmn_6452up.jpg,NoTrash,NoTrash
Screenshot-2025-07-22-093433_png.rf.323b8696e6aa47cb01bc62bed6b1eef9_aug0.jpg,Trash,Trash
gmn_7391up.jpg,NoTrash,NoTrash
gmn_6037up.jpg,NoTrash,NoTrash
frame_17040_jpg.rf.680032265f6594b23581eae2da941e7e.jpg,NoTrash,NoTrash
nm_306up.jpg,NoTrash,NoTrash
Screenshot-2025-07-22-091514_png.rf.e6448dc8848857a2cf84b88675238690_aug11.jpg,Trash,Trash
nm_1094up.jpg,NoTrash,NoTrash
nm_265up.jpg,NoTrash,NoTrash
gmn_7859up.jpg,NoTrash,NoTrash
gmn_6261up.jpg,NoTrash,NoTrash
frame_30120_jpg.rf.23f022974f5095af6148f2ea47f84a35.jpg,NoTrash,NoTrash
frame_34740_jpg.rf.bb38c30a08ec3088abd228f08556da27.jpg,NoTrash,NoTrash
gmn_6136up.jpg,NoTrash,NoTrash
test_9205up.jpg,NoTrash,NoTrash
nm_1869up.jpg,NoTrash,NoTrash
frame_24570_jpg.rf.e73bd85a5a6497b6493781dbfc37921b.jpg,NoTrash,NoTrash
gmn_6170up.jpg,NoTrash,NoTrash
test_9143up.jpg,NoTrash,NoTrash
nm_2599up.jpg,NoTrash,NoTrash
nm_3156up.jpg,NoTrash,NoTrash
frame_24000_jpg.rf.6bf6836162ddfe48aa6c65339a8b17c9.jpg,NoTrash,NoTrash
gmn_6027up.jpg,NoTrash,NoTrash
gmn_7232up.jpg,NoTrash,NoTrash
test_9112up.jpg,NoTrash,NoTrash
gmn_5042up.jpg,NoTrash,NoTrash
gmn_7383up.jpg,NoTrash,NoTrash
nm_896up.jpg,NoTrash,NoTrash
screenshot_7_jpg.rf.6c8fff8471fc95df8beef92228407cf7.jpg,NoTrash,NoTrash
Screenshot-2025-07-19-160613_png.rf.272a1b0b45206d42d0695df58b9464d0_aug10.jpg,Trash,Trash
nm_1206up.jpg,NoTrash,NoTrash
Screenshot-2025-07-19-160815_png.rf.56650277b547ae5f30e6aae68bd67738_aug4.jpg,Trash,Trash
Screenshot-2025-07-19-164014_png.rf.318d388a2acc6e37777f33a144a6e3fe_aug6.jpg,Trash,Trash
11_jpg.rf.d786dcec7c403fcb6078b875842f8241_aug7.jpg,Trash,Trash
nm_2020up.jpg,NoTrash,NoTrash
nm_1136up.jpg,NoTrash,NoTrash
Screenshot-2025-07-19-162214_png.rf.e9a0c5333a514691df3fa12e49e74ff8_aug5.jpg,Trash,Trash
gmn_5259up.jpg,NoTrash,NoTrash
Screenshot-2025-07-19-165019_png.rf.0e426eaf42d512fb4a5bdc85399f9c1e_aug4.jpg,Trash,Trash
gmn_7135up.jpg,NoTrash,NoTrash
frame_24630_jpg.rf.35e03305fd36288fb9f1e6a75969a828.jpg,NoTrash,NoTrash
nm_1805up.jpg,NoTrash,NoTrash
nm_2849up.jpg,NoTrash,NoTrash
Screenshot-2025-07-22-092948_png.rf.a5ed02bf8eb84b4ffe13577c69e2760c_aug5.jpg,Trash,Trash
gmn_6776up.jpg,NoTrash,NoTrash
nm_2097up.jpg,NoTrash,NoTrash
gmn_6762up.jpg,NoTrash,NoTrash
nm_1243up.jpg,NoTrash,NoTrash
Screenshot-2025-07-19-162108_png.rf.7d57f04e8c12c04f7c30ed95758e593f_aug8.jpg,Trash,Trash
gmn_8128up.jpg,NoTrash,NoTrash
gmn_7379up.jpg,NoTrash,NoTrash
gmn_7701up.jpg,NoTrash,NoTrash
gmn_6376up.jpg,NoTrash,NoTrash
nm_2869up.jpg,NoTrash,NoTrash
gmn_5728up.jpg,NoTrash,NoTrash
gmn_6892up.jpg,NoTrash,NoTrash
Screenshot-2025-07-19-164007_png.rf.3f49fb6622bd566ae602ab95408348ee_aug11.jpg,Trash,Trash
nm_3078up.jpg,NoTrash,NoTrash
Screenshot-2025-07-19-164130_png.rf.df77164074598b8d38bfd85d89020aa4_aug0.jpg,Trash,Trash
Screenshot-2025-07-22-010112_png.rf.8776855f4d62c52d6ce8d1ceb674a545_aug12.jpg,Trash,Trash
Screenshot-2025-07-19-163521_png.rf.5b5b2b21326533c0db5f0f6f829cec05_aug13.jpg,Trash,Trash
gmn_7329up.jpg,NoTrash,NoTrash
gmn_7995up.jpg,NoTrash,NoTrash
Screenshot-2025-07-19-163115_png.rf.e5acfc01fa7ccdb3d01149c1e54d7040_aug10.jpg,Trash,Trash
Screenshot-2025-07-19-163314_png.rf.cd256bc303186632dfef27e4364a9230_aug3.jpg,Trash,Trash
gmn_6874up.jpg,NoTrash,NoTrash
Screenshot-2025-07-22-092540_png.rf.1c410c656f38babf2582660aef77f9ad_aug3.jpg,Trash,Trash
Screenshot-2025-07-19-162016_png.rf.8f093f88dd1e50adf74c4e2596a07ec0_aug2.jpg,Trash,Trash
Screenshot-2025-07-19-165350_png.rf.16526b1fc5257cdb5c38535d4a293aa1_aug2.jpg,Trash,Trash
Screenshot-2025-07-22-093016_png.rf.6156102a4c5a9b85fcec94cc562d5868_aug8.jpg,Trash,Trash
Screenshot-2025-07-22-093016_png.rf.6156102a4c5a9b85fcec94cc562d5868_aug6.jpg,Trash,Trash
nm_1871up.jpg,NoTrash,NoTrash
nm_2386up.jpg,NoTrash,NoTrash
Screenshot-2025-07-19-162844_png.rf.03bd61b900f51fd312a6fceee3d6b928_aug11.jpg,Trash,Trash
nm_2469up.jpg,NoTrash,NoTrash
nm_2845up.jpg,NoTrash,NoTrash
gmn_7236up.jpg,NoTrash,NoTrash
gmn_5181up.jpg,NoTrash,NoTrash
Screenshot-2025-07-22-093839_png.rf.b3713bccf82d6080d10caa9e1e7cf682_aug4.jpg,Trash,Trash
Screenshot-2025-07-22-092809_png.rf.3d57bff5fb0fe2cfbdff887c78cac120_aug7.jpg,Trash,Trash
Screenshot-2025-07-19-165129_png.rf.9a96e36f607f7ff1bd7e6650489a2fec_aug3.jpg,Trash,Trash
gmn_6636up.jpg,NoTrash,NoTrash
nm_1326up.jpg,NoTrash,NoTrash
nm_1830up.jpg,NoTrash,NoTrash
nm_1950up.jpg,NoTrash,NoTrash
nm_941up.jpg,NoTrash,NoTrash
nm_958up.jpg,NoTrash,NoTrash
Screenshot-2025-07-19-162114_png.rf.3e3ca972918d668ff8901b3e9c9eaed9_aug1.jpg,Trash,Trash
gmn_5874up.jpg,NoTrash,NoTrash
Screenshot-2025-07-19-161727_png.rf.4b16bbb4a65316f8812d5e16d94014e5_aug11.jpg,Trash,Trash
Screenshot-2025-07-22-093829_png.rf.75aabfae05e8337dc2ab086e22a26c7f_aug9.jpg,Trash,Trash
Screenshot-2025-07-19-161739_png.rf.36b4b819ec7ac478da808fb18f382dc5_aug2.jpg,Trash,Trash
gmn_5676up.jpg,NoTrash,NoTrash
Screenshot-2025-07-19-161132_png.rf.b2fef92eaefee7e381ae8a228b505677_aug5.jpg,Trash,Trash
gmn_5981up.jpg,NoTrash,NoTrash
gmn_6897up.jpg,NoTrash,NoTrash
nm_1612up.jpg,NoTrash,NoTrash
nm_2186up.jpg,NoTrash,NoTrash
nm_1747up.jpg,NoTrash,NoTrash
nm_568up.jpg,NoTrash,NoTrash
Screenshot-2025-07-19-161148_png.rf.38490c3cb190c6352cab3218ff2ad0b0_aug9.jpg,Trash,Trash
nm_233up.jpg,NoTrash,NoTrash
Screenshot-2025-07-22-092540_png.rf.1c410c656f38babf2582660aef77f9ad_aug11.jpg,Trash,Trash
Screenshot-2025-07-19-161826_png.rf.908048d5717d43b9d114ee513eaeda0a_aug7.jpg,Trash,Trash
Screenshot-2025-07-19-160648_png.rf.f1d4742072169de269d82d70cb9d8f52_aug13.jpg,Trash,Trash
gmn_7885up.jpg,NoTrash,NoTrash
Screenshot-2025-07-19-162326_png.rf.78f29106a62e20b6ce412592fca5ddb9_aug6.jpg,Trash,Trash
nm_218up.jpg,NoTrash,Trash
nm_2630up.jpg,NoTrash,NoTrash
gmn_6244up.jpg,NoTrash,NoTrash
test_9166up.jpg,NoTrash,NoTrash
nm_2559up.jpg,NoTrash,NoTrash
Screenshot-2025-07-19-164056_png.rf.c4a683633fb9875ff934f777ccef9388_aug2.jpg,Trash,Trash
gmn_6712up.jpg,NoTrash,NoTrash
Screenshot-2025-07-19-163806_png.rf.6d054e3236d99463161775fbde463ab8_aug1.jpg,Trash,Trash
nm_1029up.jpg,NoTrash,NoTrash
Screenshot-2025-07-19-163748_png.rf.6697f44227a3422499c22299b54cd118_aug3.jpg,Trash,Trash
nm_228up.jpg,NoTrash,NoTrash
gmn_6096up.jpg,NoTrash,NoTrash
Screenshot-2025-07-22-094227_png.rf.97ad94a30d9ea046b8cf9a1549487473_aug3.jpg,Trash,Trash
nm_1118up.jpg,NoTrash,NoTrash
test_9235up.jpg,NoTrash,NoTrash
gmn_7002up.jpg,NoTrash,NoTrash
gmn_6877up.jpg,NoTrash,NoTrash
Screenshot-2025-07-19-165207_png.rf.f706977b51c10b099431d20eabc560af_aug11.jpg,Trash,Trash
nm_2137up.jpg,NoTrash,NoTrash
Screenshot-2025-07-22-091723_png.rf.bdce94dab033d40b7dd15466b916bd52_aug12.jpg,Trash,Trash
nm_3005up.jpg,NoTrash,NoTrash
Screenshot-2025-07-19-161904_png.rf.4301a23c81fdb69fb41d3467476e9325_aug10.jpg,Trash,Trash
shutterstock_287424425_webp.rf.a4c2578e06267ce10fcf6f593c7f20e3_aug10.jpg,Trash,Trash
Screenshot-2025-07-19-162226_png.rf.0959f303f6327a78e959dff1fe5d408f_aug8.jpg,Trash,Trash
nm_2339up.jpg,NoTrash,NoTrash
gmn_7114up.jpg,NoTrash,NoTrash
nm_1423up.jpg,NoTrash,NoTrash
Screenshot-2025-07-19-163108_png.rf.87314f295ddd569987b2c2fb8eeaf53c_aug2.jpg,Trash,Trash
Screenshot-2025-07-19-163153_png.rf.52e3af06e10ae58a0f4a2a20367561b2_aug1.jpg,Trash,Trash
nm_594up.jpg,NoTrash,NoTrash
frame_27840_jpg.rf.a0949aceee47b6fd74288edfc5dbe1b6.jpg,NoTrash,NoTrash
nm_1873up.jpg,NoTrash,NoTrash
nm_2970up.jpg,NoTrash,NoTrash
Screenshot-2025-07-19-164130_png.rf.df77164074598b8d38bfd85d89020aa4_aug2.jpg,Trash,Trash
Screenshot-2025-07-19-163125_png.rf.d44d500cfae45eca710b15b43b7181ff_aug12.jpg,Trash,Trash
Screenshot-2025-07-22-093603_png.rf.cd6b21599d4dd87833ea06c9ff2deeb2_aug4.jpg,Trash,Trash
nm_993up.jpg,NoTrash,NoTrash
nm_1865up.jpg,NoTrash,NoTrash
gmn_5085up.jpg,NoTrash,NoTrash
gmn_5087up.jpg,NoTrash,NoTrash
Screenshot-2025-07-22-094218_png.rf.f20fe0844a6251f4a5934566017090a2_aug2.jpg,Trash,Trash
Screenshot-2025-07-22-093521_png.rf.a004a9e0d38c4cdbed7b97f8c78af15d_aug12.jpg,Trash,Trash
gmn_5215up.jpg,NoTrash,NoTrash
Screenshot-2025-07-19-164001_png.rf.eababd1cb3676edc5436be350f444540_aug3.jpg,Trash,Trash
gmn_6676up.jpg,NoTrash,NoTrash
Screenshot-2025-07-19-160743_png.rf.fd06466f6a1eb0cca8821519c0562b00_aug0.jpg,Trash,Trash
nm_1044up.jpg,NoTrash,NoTrash
gmn_5277up.jpg,NoTrash,NoTrash
gmn_6149up.jpg,NoTrash,NoTrash
frame_23460_jpg.rf.c17171d869d0a0b495e2aa33bf366801.jpg,NoTrash,NoTrash
Screenshot-2025-07-19-160706_png.rf.470eabe262e5d8abafc97f154c5d1d94_aug10.jpg,Trash,Trash
11_jpg.rf.d786dcec7c403fcb6078b875842f8241_aug4.jpg,Trash,Trash
Screenshot-2025-07-22-010127_png.rf.b2efe8ce5fce80f8129201b516d82999_aug1.jpg,Trash,Trash
nm_39up.jpg,NoTrash,NoTrash
Screenshot-2025-07-19-162857_png.rf.9ddc358020d74e15e7d364ac13b10ea2_aug1.jpg,Trash,Trash
nm_3120up.jpg,NoTrash,NoTrash
Screenshot-2025-07-19-161117_png.rf.1d6424dbd3ba77042950b054e63cae35_aug2.jpg,Trash,Trash
frame_34500_jpg.rf.4c06822b249db80bd6ccff6155966af4.jpg,NoTrash,NoTrash
Screenshot-2025-07-19-161229_png.rf.7bfd4d05e39a574fab0b29c9ea7b5597_aug12.jpg,Trash,Trash
gmn_7625up.jpg,NoTrash,NoTrash
Screenshot-2025-07-19-163538_png.rf.5097c2ba92fa84d3685cd7a88856c2a8_aug2.jpg,Trash,Trash
nm_164up.jpg,NoTrash,NoTrash
nm_2997up.jpg,NoTrash,NoTrash
gmn_5447up.jpg,NoTrash,NoTrash
Screenshot-2025-07-22-092203_png.rf.cff9fbdafb7d4fb97910febd19cac667_aug12.jpg,Trash,Trash
gmn_7555up.jpg,NoTrash,NoTrash
gmn_5744up.jpg,NoTrash,NoTrash
nm_2067up.jpg,NoTrash,NoTrash
gmn_7161up.jpg,NoTrash,NoTrash
Screenshot-2025-07-22-092844_png.rf.f406a62045e83ac8f48537455d25ea3a_aug9.jpg,Trash,Trash
nm_1992up.jpg,NoTrash,NoTrash
Screenshot-2025-07-19-160601_png.rf.ded3cf0d2391de66f72da3643e256120_aug12.jpg,Trash,Trash
nm_1737up.jpg,NoTrash,NoTrash
gmn_7623up.jpg,NoTrash,NoTrash
Screenshot-2025-07-19-162751_png.rf.b2c38f0544b3f4a65210570e2e77b4a4_aug2.jpg,Trash,Trash
nm_999up.jpg,NoTrash,NoTrash
nm_1570up.jpg,NoTrash,NoTrash
gmn_7126up.jpg,NoTrash,NoTrash
gmn_6039up.jpg,NoTrash,NoTrash
nm_3190up.jpg,NoTrash,NoTrash
Screenshot-2025-07-19-165119_png.rf.073bf7e675b90a417d8e880edd542cbf_aug9.jpg,Trash,Trash
nm_226up.jpg,NoTrash,NoTrash
Screenshot-2025-07-19-163301_png.rf.e9a3206538fb993dcf40c847fb2fdafe_aug6.jpg,Trash,Trash
Screenshot-2025-07-19-162059_png.rf.18e7773d17780c4626d7fe8288a7c212_aug13.jpg,Trash,Trash
nm_1681up.jpg,NoTrash,NoTrash
gmn_5727up.jpg,NoTrash,NoTrash
Screenshot-2025-07-22-010015_png.rf.664b642a6e919ea5eb200ef2ffd1056f_aug2.jpg,Trash,Trash
Screenshot-2025-07-19-161043_png.rf.5e8c9e69323ffc93bab86af5c2525077_aug6.jpg,Trash,Trash
nm_2655up.jpg,NoTrash,NoTrash
Screenshot-2025-07-22-092557_png.rf.118e2f24003b195ed7e4307b09d82c0f_aug2.jpg,Trash,Trash
gmn_6919up.jpg,NoTrash,NoTrash
nm_1631up.jpg,NoTrash,NoTrash
Screenshot-2025-07-19-162850_png.rf.3b4b29e85eafc9a6f8080c1a631a7b93_aug13.jpg,Trash,Trash
gmn_7906up.jpg,NoTrash,NoTrash
gmn_8047up.jpg,NoTrash,NoTrash
gmn_6604up.jpg,NoTrash,NoTrash
gmn_6006up.jpg,NoTrash,NoTrash
nm_66up.jpg,NoTrash,NoTrash
nm_1991up.jpg,NoTrash,NoTrash
nm_1051up.jpg,NoTrash,NoTrash
gmn_6273up.jpg,NoTrash,NoTrash
Screenshot-2025-07-19-162440_png.rf.c89bba2e8091a7e4a2cea97add850207_aug9.jpg,Trash,Trash
Screenshot-2025-07-19-165256_png.rf.07b243054a5ab8ef94a46169bed690f5_aug11.jpg,Trash,Trash
gmn_5592up.jpg,NoTrash,NoTrash
Screenshot-2025-07-19-163125_png.rf.d44d500cfae45eca710b15b43b7181ff_aug5.jpg,Trash,Trash
gmn_8050up.jpg,NoTrash,NoTrash
Screenshot-2025-07-19-164022_png.rf.9da6679dae47c567a99c102a7f08f285_aug9.jpg,Trash,Trash
nm_1665up.jpg,NoTrash,NoTrash
gmn_5178up.jpg,NoTrash,NoTrash
frame_23040_jpg.rf.abedba2cb67bd2f5865cbbd22175587f.jpg,NoTrash,NoTrash
Screenshot-2025-07-22-010022_png.rf.73b909a895fc1fa90aeaab17758c8431_aug14.jpg,Trash,Trash
gmn_6856up.jpg,NoTrash,NoTrash
frame_29610_jpg.rf.50c551abcc0b31ce402e2c055addef86.jpg,NoTrash,NoTrash
gmn_5909up.jpg,NoTrash,NoTrash
frame_26400_jpg.rf.3adaf9cb45344fdc580b44f260ef753e.jpg,NoTrash,NoTrash
gmn_6736up.jpg,NoTrash,NoTrash
nm_1273up.jpg,NoTrash,NoTrash
Screenshot-2025-07-19-161148_png.rf.38490c3cb190c6352cab3218ff2ad0b0_aug14.jpg,Trash,Trash
nm_1824up.jpg,NoTrash,NoTrash
Screenshot-2025-07-22-094647_png.rf.cb8665476cf47843ee06ef1a1f4840c0_aug9.jpg,Trash,Trash
nm_1728up.jpg,NoTrash,NoTrash
nm_1437up.jpg,NoTrash,NoTrash
gmn_7375up.jpg,NoTrash,NoTrash
nm_488up.jpg,NoTrash,NoTrash
11_jpg.rf.d786dcec7c403fcb6078b875842f8241_aug2.jpg,Trash,Trash
gmn_6280up.jpg,NoTrash,NoTrash
test_9054up.jpg,NoTrash,NoTrash
nm_2562up.jpg,NoTrash,NoTrash
Screenshot-2025-07-19-161055_png.rf.4b7fd78fd6bb3a467a7c12c194e9dbff_aug12.jpg,Trash,Trash
nm_7up.jpg,NoTrash,NoTrash
nm_1506up.jpg,NoTrash,NoTrash
Screenshot-2025-07-19-163018_png.rf.7864ce9f36bf2a51ea25449043cd5e9b_aug14.jpg,Trash,Trash
gmn_5704up.jpg,NoTrash,NoTrash
gmn_7917up.jpg,NoTrash,NoTrash
Screenshot-2025-07-22-092522_png.rf.c6c505198ee1a9601ef5070d000e492c_aug11.jpg,Trash,Trash
Screenshot-2025-07-19-165350_png.rf.16526b1fc5257cdb5c38535d4a293aa1_aug4.jpg,Trash,Trash
nm_1394up.jpg,NoTrash,NoTrash
nm_418up.jpg,NoTrash,NoTrash
Screenshot-2025-07-22-092853_png.rf.4b9a3a2f576ef806ec78662a759988a0_aug8.jpg,Trash,Trash
Screenshot-2025-07-19-165318_png.rf.85fff4924e804b38870b0e71397c3362_aug14.jpg,Trash,Trash
nm_1390up.jpg,NoTrash,NoTrash
gmn_7258up.jpg,NoTrash,NoTrash
test_9282up.jpg,NoTrash,NoTrash
Screenshot-2025-07-22-092853_png.rf.4b9a3a2f576ef806ec78662a759988a0_aug4.jpg,Trash,Trash
nm_624up.jpg,NoTrash,NoTrash
gmn_6973up.jpg,NoTrash,NoTrash
Screenshot-2025-07-19-162947_png.rf.7114c51149977d97b73b3df7561a12de_aug13.jpg,Trash,Trash
nm_2879up.jpg,NoTrash,NoTrash
gmn_7186up.jpg,NoTrash,NoTrash
nm_728up.jpg,NoTrash,NoTrash
nm_320up.jpg,NoTrash,NoTrash
nm_357up.jpg,NoTrash,NoTrash
nm_2364up.jpg,NoTrash,NoTrash
Screenshot-2025-07-19-165119_png.rf.073bf7e675b90a417d8e880edd542cbf_aug8.jpg,Trash,Trash
gmn_5944up.jpg,NoTrash,NoTrash
nm_1667up.jpg,NoTrash,NoTrash
gmn_5001up.jpg,NoTrash,NoTrash
nm_122up.jpg,NoTrash,NoTrash
gmn_5656up.jpg,NoTrash,NoTrash
nm_926up.jpg,NoTrash,NoTrash
nm_2424up.jpg,NoTrash,NoTrash
frame_27450_jpg.rf.d0cb9e00ec47a92cdd993e5f316531e5.jpg,NoTrash,NoTrash
gmn_6602up.jpg,NoTrash,NoTrash
gmn_5566up.jpg,NoTrash,NoTrash
Screenshot-2025-07-22-093645_png.rf.6c4575a1795bde55720c73fdb6de5d25_aug6.jpg,Trash,Trash
gmn_6881up.jpg,NoTrash,NoTrash
Screenshot-2025-07-22-092956_png.rf.560b13fa36c2684e06de9f32f6f5e380_aug7.jpg,Trash,Trash
Screenshot-2025-07-19-165256_png.rf.07b243054a5ab8ef94a46169bed690f5_aug0.jpg,Trash,Trash
gmn_6967up.jpg,NoTrash,NoTrash
nm_689up.jpg,NoTrash,NoTrash
gmn_5230up.jpg,NoTrash,NoTrash
nm_1730up.jpg,NoTrash,NoTrash
nm_1821up.jpg,NoTrash,NoTrash
gmn_6121up.jpg,NoTrash,NoTrash
nm_1784up.jpg,NoTrash,NoTrash
nm_2400up.jpg,NoTrash,NoTrash
nm_811up.jpg,NoTrash,NoTrash
Screenshot-2025-07-22-093617_png.rf.be30cb31b9aec073853e91ea2940b974_aug1.jpg,Trash,Trash
gmn_7079up.jpg,NoTrash,NoTrash
gmn_7695up.jpg,NoTrash,NoTrash
gmn_8003up.jpg,NoTrash,NoTrash
Screenshot-2025-07-19-163246_png.rf.0b2de9b4e1bf9e1fd3cee064c4738b14_aug4.jpg,Trash,Trash
Screenshot-2025-07-22-094009_png.rf.8eec559299c77d614c75ca4c253e6914_aug7.jpg,Trash,Trash
nm_1534up.jpg,NoTrash,NoTrash
Screenshot-2025-07-19-164048_png.rf.73dd8e5bc1a160f10a8fa15e3b946d40_aug13.jpg,Trash,Trash
Screenshot-2025-07-22-093846_png.rf.b3d84f26e1ed093d8146eb4cef33b663_aug3.jpg,Trash,Trash
gmn_7425up.jpg,NoTrash,NoTrash
nm_207up.jpg,NoTrash,NoTrash
gmn_7451up.jpg,NoTrash,NoTrash
Screenshot-2025-07-19-163024_png.rf.d1e9b8b39f128dc636f919a05c0cd6db_aug14.jpg,Trash,Trash
Screenshot-2025-07-19-161238_png.rf.766f7a5dc5a20884a7265477e70bed52_aug10.jpg,Trash,Trash
Screenshot-2025-07-22-093809_png.rf.adf2ea6cd3d68593a572519f95af30ac_aug3.jpg,Trash,Trash
frame_22350_jpg.rf.6e5f3961de76ec8ec6af3bb4cf647bf0.jpg,NoTrash,NoTrash
nm_1908up.jpg,NoTrash,NoTrash
nm_1733up.jpg,NoTrash,NoTrash
Screenshot-2025-07-19-162049_png.rf.85fe9e91661c83d6cdff77b325c06791_aug12.jpg,Trash,Trash
nm_155up.jpg,NoTrash,NoTrash
Screenshot-2025-07-19-162822_png.rf.756d1489f7c02385bd4f4e40357bdda6_aug6.jpg,Trash,Trash
nm_2627up.jpg,NoTrash,NoTrash
nm_2166up.jpg,NoTrash,NoTrash
nm_2165up.jpg,NoTrash,NoTrash
gmn_7543up.jpg,NoTrash,NoTrash
gmn_6461up.jpg,NoTrash,NoTrash
Screenshot-2025-07-19-162128_png.rf.c05fc5d6789b570e6ffcc66f983f98cc_aug12.jpg,Trash,Trash
Screenshot-2025-07-19-164130_png.rf.df77164074598b8d38bfd85d89020aa4_aug4.jpg,Trash,Trash
Screenshot-2025-07-22-094503_png.rf.9336c5d622c9f3707bec95b634fd7f71_aug1.jpg,Trash,Trash
gmn_8137up.jpg,NoTrash,NoTrash
nm_3033up.jpg,NoTrash,NoTrash
gmn_5112up.jpg,NoTrash,NoTrash
gmn_7349up.jpg,NoTrash,NoTrash
gmn_7624up.jpg,NoTrash,NoTrash
frame_33690_jpg.rf.6b43840d814d3360783d98438eb8bb0f.jpg,NoTrash,NoTrash
Screenshot-2025-07-19-165256_png.rf.07b243054a5ab8ef94a46169bed690f5_aug2.jpg,Trash,Trash
Screenshot-2025-07-22-093856_png.rf.c1bfd30da9ecf76ea9443b82c115a37e_aug10.jpg,Trash,Trash
gmn_5019up.jpg,NoTrash,NoTrash
gmn_7943up.jpg,NoTrash,NoTrash
nm_697up.jpg,NoTrash,NoTrash
nm_2975up.jpg,NoTrash,NoTrash
Screenshot-2025-07-19-162947_png.rf.7114c51149977d97b73b3df7561a12de_aug9.jpg,Trash,Trash
gmn_5431up.jpg,NoTrash,NoTrash
Screenshot-2025-07-22-091514_png.rf.e6448dc8848857a2cf84b88675238690_aug0.jpg,Trash,Trash
Screenshot-2025-07-19-161727_png.rf.4b16bbb4a65316f8812d5e16d94014e5_aug1.jpg,Trash,Trash
Screenshot-2025-07-22-092522_png.rf.c6c505198ee1a9601ef5070d000e492c_aug4.jpg,Trash,Trash
gmn_6382up.jpg,NoTrash,NoTrash
nm_1013up.jpg,NoTrash,NoTrash
Screenshot-2025-07-19-165233_png.rf.4d626080eb3994efa2eb3a2b886e1eef_aug10.jpg,Trash,Trash
Screenshot-2025-07-19-165350_png.rf.16526b1fc5257cdb5c38535d4a293aa1_aug8.jpg,Trash,Trash
Screenshot-2025-07-19-160923_png.rf.c0279ed2bae7fba3b7a14d8bdbf3f6c0_aug7.jpg,Trash,Trash
nm_2318up.jpg,NoTrash,NoTrash
gmn_5357up.jpg,NoTrash,NoTrash
screenshot_24_jpg.rf.5001288a1ece6216bcc1ae1efc7393d5.jpg,NoTrash,NoTrash
nm_2883up.jpg,NoTrash,NoTrash
gmn_5421up.jpg,NoTrash,NoTrash
Screenshot-2025-07-22-093802_png.rf.769ee7b8531064c9c40b049a05b4ff30_aug0.jpg,Trash,Trash
test_9083up.jpg,NoTrash,NoTrash
Screenshot-2025-07-19-161544_png.rf.64c2c94afbc86eba44f698660e3d31e0_aug3.jpg,Trash,Trash
Screenshot-2025-07-19-163551_png.rf.a9ace650f1b1e2c6be970ea67098d63e_aug0.jpg,Trash,Trash
gmn_5962up.jpg,NoTrash,NoTrash
nm_215up.jpg,NoTrash,NoTrash
gmn_5243up.jpg,NoTrash,NoTrash
Screenshot-2025-07-22-093754_png.rf.e23c3b384fa63570a380f6f61e7989a7_aug8.jpg,Trash,Trash
nm_314up.jpg,NoTrash,NoTrash
gmn_5716up.jpg,NoTrash,Trash
gmn_7812up.jpg,NoTrash,NoTrash
test_9200up.jpg,NoTrash,NoTrash
Screenshot-2025-07-19-165141_png.rf.ce07be4a824b81e646bf6f98daa34fb6_aug12.jpg,Trash,Trash
Screenshot-2025-07-19-162812_png.rf.052c4c941c0594a7393405315f509cbc_aug3.jpg,Trash,Trash
nm_2112up.jpg,NoTrash,NoTrash
Screenshot-2025-07-22-092349_png.rf.d7eb30c5e7e72922fb7ed106d0f6ddfc_aug12.jpg,Trash,Trash
OIP_webp.rf.3074b5b5d3e7fe9d72d19dd8d3436313_aug7.jpg,Trash,Trash
nm_1064up.jpg,NoTrash,NoTrash
Screenshot-2025-07-22-093936_png.rf.94629e638cbe12bf85b71aa58b55aafd_aug8.jpg,Trash,Trash
nm_2619up.jpg,NoTrash,NoTrash
nm_1299up.jpg,NoTrash,NoTrash
Screenshot-2025-07-19-163254_png.rf.28d572b3bc0cd8deb61d3f999026354a_aug1.jpg,Trash,Trash
nm_3006up.jpg,NoTrash,NoTrash
nm_1096up.jpg,NoTrash,NoTrash
gmn_6196up.jpg,NoTrash,NoTrash
Screenshot-2025-07-19-165141_png.rf.ce07be4a824b81e646bf6f98daa34fb6_aug10.jpg,Trash,Trash
gmn_5015up.jpg,NoTrash,NoTrash
Screenshot-2025-07-19-163004_png.rf.71a303c84049e6303bbcfcdbd743ea55_aug3.jpg,Trash,Trash
gmn_7301up.jpg,NoTrash,NoTrash
Screenshot-2025-07-19-161702_png.rf.e92fd572cce54198df7838b1437f584d_aug1.jpg,Trash,Trash
nm_2573up.jpg,NoTrash,NoTrash
nm_328up.jpg,NoTrash,NoTrash
nm_2914up.jpg,NoTrash,NoTrash
nm_205up.jpg,NoTrash,NoTrash
gmn_5529up.jpg,NoTrash,NoTrash
Screenshot-2025-07-22-092258_png.rf.deaf32d69d7438a8cf58f432ee81ef8e_aug13.jpg,Trash,Trash
frame_26640_jpg.rf.bdf25a1c1bf74153bca8d53b7ab0070f.jpg,NoTrash,NoTrash
Screenshot-2025-07-19-163946_png.rf.edd26cbeab3f2155ff34b2b16fc32460_aug14.jpg,Trash,Trash
Screenshot-2025-07-22-092809_png.rf.3d57bff5fb0fe2cfbdff887c78cac120_aug5.jpg,Trash,Trash
gmn_6040up.jpg,NoTrash,NoTrash
gmn_7282up.jpg,NoTrash,NoTrash
nm_2577up.jpg,NoTrash,NoTrash
Screenshot-2025-07-22-094647_png.rf.cb8665476cf47843ee06ef1a1f4840c0_aug12.jpg,Trash,Trash
Screenshot-2025-07-22-093916_png.rf.a2dd399f15205568a96a30ac955182fb_aug6.jpg,Trash,Trash
gmn_5840up.jpg,NoTrash,NoTrash
Screenshot-2025-07-19-162004_png.rf.fe84924ac861f1c4febd767aacf68503_aug3.jpg,Trash,Trash
nm_3183up.jpg,NoTrash,NoTrash
nm_2191up.jpg,NoTrash,NoTrash
Screenshot-2025-07-19-161914_png.rf.c7779d212efbc666d4a74cbecf6006fd_aug2.jpg,Trash,Trash
Screenshot-2025-07-19-162947_png.rf.7114c51149977d97b73b3df7561a12de_aug11.jpg,Trash,Trash
Screenshot-2025-07-19-162128_png.rf.c05fc5d6789b570e6ffcc66f983f98cc_aug6.jpg,Trash,Trash
gmn_5777up.jpg,NoTrash,NoTrash
gmn_6335up.jpg,NoTrash,NoTrash
Screenshot-2025-07-19-165318_png.rf.85fff4924e804b38870b0e71397c3362_aug2.jpg,Trash,Trash
Screenshot-2025-07-22-094503_png.rf.9336c5d622c9f3707bec95b634fd7f71_aug6.jpg,Trash,Trash
Screenshot-2025-07-22-093909_png.rf.88d3549e63326376937f1195af4ab463_aug12.jpg,Trash,Trash
nm_150up.jpg,NoTrash,NoTrash
gmn_5037up.jpg,NoTrash,NoTrash
Screenshot-2025-07-22-093950_png.rf.ba01f94fbd44bd7724d24394d58d61f9_aug0.jpg,Trash,Trash
nm_1587up.jpg,NoTrash,NoTrash
Screenshot-2025-07-22-092737_png.rf.a5f992f7d70f35221e78738f81aa36d4_aug3.jpg,Trash,Trash
gmn_6624up.jpg,NoTrash,NoTrash
Screenshot-2025-07-22-093016_png.rf.6156102a4c5a9b85fcec94cc562d5868_aug2.jpg,Trash,Trash
nm_3149up.jpg,NoTrash,NoTrash
Screenshot-2025-07-22-093004_png.rf.25fc3eca0e5eb9a6dcb16c866310400b_aug13.jpg,Trash,Trash
Screenshot-2025-07-19-164930_png.rf.e5646f029c02f5cde7ada6acb5173020_aug11.jpg,Trash,Trash
Screenshot-2025-07-22-094619_png.rf.6eda4d2016d598c386d37dd21060f124_aug5.jpg,Trash,Trash
nm_2616up.jpg,NoTrash,NoTrash
nm_2745up.jpg,NoTrash,NoTrash
gmn_6810up.jpg,NoTrash,NoTrash
Screenshot-2025-07-19-162550_png.rf.2d1a69c4350bbdbe9f8524a7d110a2ec_aug2.jpg,Trash,Trash
gmn_6737up.jpg,NoTrash,NoTrash
gmn_5835up.jpg,NoTrash,NoTrash
gmn_7836up.jpg,NoTrash,NoTrash
test_9119up.jpg,NoTrash,NoTrash
gmn_5841up.jpg,NoTrash,NoTrash
Screenshot-2025-07-22-092231_png.rf.87236febbece43c5a81a6d042a002c43_aug14.jpg,Trash,Trash
nm_2974up.jpg,NoTrash,NoTrash
gmn_5207up.jpg,NoTrash,NoTrash
nm_820up.jpg,NoTrash,NoTrash
gmn_5996up.jpg,NoTrash,NoTrash
frame_24810_jpg.rf.e19e1414542eaee1a54275364fa57196.jpg,NoTrash,NoTrash
Screenshot-2025-07-19-162850_png.rf.3b4b29e85eafc9a6f8080c1a631a7b93_aug10.jpg,Trash,Trash
gmn_7503up.jpg,NoTrash,NoTrash
Screenshot-2025-07-19-163052_png.rf.94f6efce62139f2cc09ea5033cca281c_aug4.jpg,Trash,Trash
frame_15870_jpg.rf.e60fdff64f05252efeafbf645f8328b2.jpg,NoTrash,NoTrash
nm_2381up.jpg,NoTrash,NoTrash
nm_3189up.jpg,NoTrash,NoTrash
gmn_5767up.jpg,NoTrash,NoTrash
Screenshot-2025-07-19-162737_png.rf.0cb2d4c1c64d7400747a95af1e0180b2_aug10.jpg,Trash,Trash
gmn_6979up.jpg,NoTrash,NoTrash
Screenshot-2025-07-19-163602_png.rf.3b085cd8b596a7d4064332ac22d23f37_aug11.jpg,Trash,Trash
nm_627up.jpg,NoTrash,NoTrash
Screenshot-2025-07-19-164056_png.rf.c4a683633fb9875ff934f777ccef9388_aug11.jpg,Trash,Trash
gmn_7892up.jpg,NoTrash,NoTrash
gmn_7726up.jpg,NoTrash,NoTrash
frame_30330_jpg.rf.e492d49ffb534ba253f5e4f12960ac18.jpg,NoTrash,NoTrash
Screenshot-2025-07-22-092152_png.rf.3ca503e70030b53af907fa58805f10a3_aug0.jpg,Trash,Trash
Screenshot-2025-07-22-010015_png.rf.664b642a6e919ea5eb200ef2ffd1056f_aug14.jpg,Trash,Trash
nm_1196up.jpg,NoTrash,NoTrash
gmn_6114up.jpg,NoTrash,NoTrash
gmn_5040up.jpg,NoTrash,NoTrash
nm_1957up.jpg,NoTrash,NoTrash
Screenshot-2025-07-19-161727_png.rf.4b16bbb4a65316f8812d5e16d94014e5_aug13.jpg,Trash,Trash
frame_26220_jpg.rf.80e4fcb4ab3dc17825ddc327e120265d.jpg,NoTrash,NoTrash
Screenshot-2025-07-22-091514_png.rf.e6448dc8848857a2cf84b88675238690_aug1.jpg,Trash,Trash
frame_14250_jpg.rf.f918bb7d6916049779f03443a885d90f.jpg,NoTrash,NoTrash
nm_629up.jpg,NoTrash,NoTrash
frame_16650_jpg.rf.ad7dd791af5d15f8b88c67a26aeb77ed.jpg,NoTrash,NoTrash
gmn_6021up.jpg,NoTrash,NoTrash
gmn_7395up.jpg,NoTrash,NoTrash
nm_1590up.jpg,NoTrash,NoTrash
Screenshot-2025-07-19-165216_png.rf.7c58dbf1177b713404edcdd8a9a90daa_aug5.jpg,Trash,Trash
gmn_7616up.jpg,NoTrash,NoTrash
Screenshot-2025-07-19-163717_png.rf.2531cafd49fae73e40d1604af1ed57c2_aug12.jpg,Trash,Trash
Screenshot-2025-07-19-161904_png.rf.4301a23c81fdb69fb41d3467476e9325_aug3.jpg,Trash,Trash
nm_1083up.jpg,NoTrash,NoTrash
Screenshot-2025-07-19-163314_png.rf.cd256bc303186632dfef27e4364a9230_aug14.jpg,Trash,Trash
gmn_6347up.jpg,NoTrash,NoTrash
Screenshot-2025-07-22-092349_png.rf.d7eb30c5e7e72922fb7ed106d0f6ddfc_aug10.jpg,Trash,Trash
gmn_5873up.jpg,NoTrash,NoTrash
gmn_6455up.jpg,NoTrash,NoTrash
Screenshot-2025-07-19-161617_png.rf.5a5d8a2020e1f1c5543c7d338ee5e45f_aug0.jpg,Trash,Trash
Screenshot-2025-07-19-161359_png.rf.80b9ddc265300db34e7297430562d588_aug8.jpg,Trash,Trash
nm_2107up.jpg,NoTrash,NoTrash
gmn_7744up.jpg,NoTrash,NoTrash
nm_1699up.jpg,NoTrash,NoTrash
gmn_6950up.jpg,NoTrash,NoTrash
nm_735up.jpg,NoTrash,NoTrash
gmn_6735up.jpg,NoTrash,NoTrash
gmn_6159up.jpg,NoTrash,NoTrash
Screenshot-2025-07-19-165411_png.rf.e64afa8c4647f899d8d2d513d41215e8_aug9.jpg,Trash,Trash
gmn_7988up.jpg,NoTrash,NoTrash
nm_2316up.jpg,NoTrash,NoTrash
gmn_7366up.jpg,NoTrash,NoTrash
Screenshot-2025-07-22-092652_png.rf.c9c1d9cc2d6912bcae4fc4291ff2e9ed_aug8.jpg,Trash,Trash
Screenshot-2025-07-22-093433_png.rf.323b8696e6aa47cb01bc62bed6b1eef9_aug9.jpg,Trash,Trash
Screenshot-2025-07-19-164007_png.rf.3f49fb6622bd566ae602ab95408348ee_aug3.jpg,Trash,Trash
gmn_5871up.jpg,NoTrash,NoTrash
Screenshot-2025-07-22-092948_png.rf.a5ed02bf8eb84b4ffe13577c69e2760c_aug13.jpg,Trash,Trash
Screenshot-2025-07-19-163617_png.rf.436c065c89e86553076c82a3a119afcb_aug14.jpg,Trash,Trash
gmn_5632up.jpg,NoTrash,NoTrash
nm_1997up.jpg,NoTrash,NoTrash
nm_2805up.jpg,NoTrash,NoTrash
Screenshot-2025-07-19-163141_png.rf.1aa944724852363741034bda30e9cbc3_aug11.jpg,Trash,Trash
Screenshot-2025-07-19-162717_png.rf.7d5ff0c2eb946d471414f7482191305f_aug14.jpg,Trash,Trash
Screenshot-2025-07-22-092956_png.rf.560b13fa36c2684e06de9f32f6f5e380_aug13.jpg,Trash,Trash
nm_1493up.jpg,NoTrash,NoTrash
nm_614up.jpg,NoTrash,NoTrash
gmn_7741up.jpg,NoTrash,NoTrash
Screenshot-2025-07-19-162829_png.rf.5eefb2522fbdec22236a64d4e1cc9729_aug4.jpg,Trash,Trash
gmn_6429up.jpg,NoTrash,NoTrash
gmn_6671up.jpg,NoTrash,NoTrash
gmn_7208up.jpg,NoTrash,NoTrash
gmn_6366up.jpg,NoTrash,NoTrash
frame_15900_jpg.rf.f7deabb1439ff59177e8f1b8ebeaf7b9.jpg,NoTrash,NoTrash
Screenshot-2025-07-19-163641_png.rf.9d4cdd3b8eb3f1dd104770dde255daed_aug8.jpg,Trash,Trash
gmn_6426up.jpg,NoTrash,NoTrash
nm_2145up.jpg,NoTrash,NoTrash
Screenshot-2025-07-19-160601_png.rf.ded3cf0d2391de66f72da3643e256120_aug8.jpg,Trash,Trash
nm_832up.jpg,NoTrash,NoTrash
Screenshot-2025-07-19-161636_png.rf.48ee69df05db68e34c8d091c6599478e_aug12.jpg,Trash,Trash
gmn_5270up.jpg,NoTrash,NoTrash
frame_36150_jpg.rf.bcc012fbcf813e225c4f7c6a3bc6170b.jpg,NoTrash,NoTrash
Screenshot-2025-07-19-162844_png.rf.03bd61b900f51fd312a6fceee3d6b928_aug0.jpg,Trash,Trash
nm_2904up.jpg,NoTrash,NoTrash
Screenshot-2025-07-22-092059_png.rf.1842f96a91bfdb91de871dcc04333dcc_aug9.jpg,Trash,Trash
nm_2522up.jpg,NoTrash,NoTrash
gmn_6327up.jpg,NoTrash,NoTrash
nm_1798up.jpg,NoTrash,NoTrash
nm_3007up.jpg,NoTrash,NoTrash
nm_2344up.jpg,NoTrash,NoTrash
gmn_6682up.jpg,NoTrash,NoTrash
gmn_7388up.jpg,NoTrash,NoTrash
10_webp.rf.bc280a161e02eedf98719153cfcd6bdb_aug0.jpg,Trash,Trash
gmn_7179up.jpg,NoTrash,NoTrash
Screenshot-2025-07-22-092050_png.rf.d0967365c88326d6c8e26a2dcc622ce6_aug5.jpg,Trash,Trash
gmn_6840up.jpg,NoTrash,NoTrash
gmn_6227up.jpg,NoTrash,NoTrash
gmn_7184up.jpg,NoTrash,NoTrash
nm_518up.jpg,NoTrash,NoTrash
Screenshot-2025-07-22-092406_png.rf.ce03a0a81fb4c2bdf3d3318edbf0584a_aug5.jpg,Trash,Trash
Screenshot-2025-07-19-161359_png.rf.80b9ddc265300db34e7297430562d588_aug11.jpg,Trash,Trash
nm_618up.jpg,NoTrash,NoTrash
nm_787up.jpg,NoTrash,NoTrash
gmn_5294up.jpg,NoTrash,NoTrash
frame_10350_jpg.rf.d861db2a8597f0422ba8a9a5040f5536.jpg,NoTrash,NoTrash
Screenshot-2025-07-19-164936_png.rf.729833291d274f54edb55cefbe767fe7_aug4.jpg,Trash,Trash
Screenshot-2025-07-19-161849_png.rf.9f8ef97e2e19baab773f2cc726c111fd_aug0.jpg,Trash,Trash
Screenshot-2025-07-22-010112_png.rf.8776855f4d62c52d6ce8d1ceb674a545_aug0.jpg,Trash,Trash
Screenshot-2025-07-19-163011_png.rf.0e515f56d2523c4530e67fc496159457_aug13.jpg,Trash,Trash
gmn_5041up.jpg,NoTrash,NoTrash
Screenshot-2025-07-19-163954_png.rf.cae52b395da205b9a6b504291de76915_aug14.jpg,Trash,Trash
Screenshot-2025-07-19-161359_png.rf.80b9ddc265300db34e7297430562d588_aug10.jpg,Trash,Trash
Screenshot-2025-07-19-160937_png.rf.3460ff250f61fd1d12a80c8453749d79_aug2.jpg,Trash,Trash
gmn_7865up.jpg,NoTrash,NoTrash
Screenshot-2025-07-19-160455_png.rf.03ab1ef6dd8c4d48235e92fefaada285_aug3.jpg,Trash,Trash
frame_26370_jpg.rf.46ae27d504692a0fb3b9255a271426cc.jpg,NoTrash,NoTrash
Screenshot-2025-07-19-162326_png.rf.78f29106a62e20b6ce412592fca5ddb9_aug11.jpg,Trash,Trash
test_9199up.jpg,NoTrash,NoTrash
gmn_7013up.jpg,NoTrash,NoTrash
gmn_7815up.jpg,NoTrash,NoTrash
gmn_6521up.jpg,NoTrash,NoTrash
Screenshot-2025-07-19-162016_png.rf.8f093f88dd1e50adf74c4e2596a07ec0_aug7.jpg,Trash,Trash
Screenshot-2025-07-22-092152_png.rf.3ca503e70030b53af907fa58805f10a3_aug14.jpg,Trash,Trash
nm_2597up.jpg,NoTrash,NoTrash
nm_2557up.jpg,NoTrash,NoTrash
nm_1716up.jpg,NoTrash,NoTrash
Screenshot-2025-07-19-160648_png.rf.f1d4742072169de269d82d70cb9d8f52_aug3.jpg,Trash,Trash
Screenshot-2025-07-22-092844_png.rf.f406a62045e83ac8f48537455d25ea3a_aug5.jpg,Trash,Trash
nm_36up.jpg,NoTrash,NoTrash
nm_300up.jpg,NoTrash,NoTrash
frame_14280_jpg.rf.f81c525814f42f6e1af08cb63636159b.jpg,NoTrash,NoTrash
Screenshot-2025-07-22-093809_png.rf.adf2ea6cd3d68593a572519f95af30ac_aug7.jpg,Trash,Trash
gmn_8132up.jpg,NoTrash,NoTrash
gmn_5753up.jpg,NoTrash,NoTrash
nm_2996up.jpg,NoTrash,NoTrash
gmn_7288up.jpg,NoTrash,NoTrash
Screenshot-2025-07-22-092358_png.rf.664d7f49e9ea43233acb578717d3797b_aug8.jpg,Trash,Trash
nm_3015up.jpg,NoTrash,NoTrash
nm_2266up.jpg,NoTrash,NoTrash
gmn_6907up.jpg,NoTrash,NoTrash
nm_805up.jpg,NoTrash,NoTrash
Screenshot-2025-07-19-162844_png.rf.03bd61b900f51fd312a6fceee3d6b928_aug5.jpg,Trash,Trash
nm_1533up.jpg,NoTrash,NoTrash
nm_698up.jpg,NoTrash,NoTrash
10_webp.rf.bc280a161e02eedf98719153cfcd6bdb_aug11.jpg,Trash,Trash
Screenshot-2025-07-19-161359_png.rf.80b9ddc265300db34e7297430562d588_aug0.jpg,Trash,Trash
test_9263up.jpg,NoTrash,NoTrash
nm_725up.jpg,NoTrash,NoTrash
Screenshot-2025-07-22-093035_png.rf.d43198526bb21854356d8333496503be_aug0.jpg,Trash,Trash
Screenshot-2025-07-22-092141_png.rf.162cb03f9f85bde3b6a2f7eeec19064d_aug12.jpg,Trash,Trash
nm_2684up.jpg,NoTrash,NoTrash
nm_1491up.jpg,NoTrash,NoTrash
nm_1941up.jpg,NoTrash,NoTrash
frame_14730_jpg.rf.1a4eb16973376f59879f5d0b1dc1f365.jpg,NoTrash,NoTrash
screenshot_32_jpg.rf.6ff362a6690138345577c3391c0d8c6a.jpg,NoTrash,NoTrash
test_9232up.jpg,NoTrash,NoTrash
Screenshot-2025-07-19-161229_png.rf.7bfd4d05e39a574fab0b29c9ea7b5597_aug2.jpg,Trash,Trash
gmn_5721up.jpg,NoTrash,NoTrash
Screenshot-2025-07-22-092920_png.rf.e2e489b174bad1cddb543793012eab93_aug10.jpg,Trash,Trash
gmn_6322up.jpg,NoTrash,NoTrash
Screenshot-2025-07-22-092817_png.rf.b25a9ff72ecbbbe52afdc2ba95b595cc_aug9.jpg,Trash,Trash
nm_2299up.jpg,NoTrash,NoTrash
gmn_6659up.jpg,NoTrash,NoTrash
nm_2082up.jpg,NoTrash,NoTrash
nm_1107up.jpg,NoTrash,NoTrash
Screenshot-2025-07-19-165226_png.rf.010921fc92b687cbc127f1a4d449d329_aug11.jpg,Trash,Trash
nm_444up.jpg,NoTrash,NoTrash
Screenshot-2025-07-19-162708_png.rf.c25dd3cfc4c83d6feb11d1d8dc56d3c8_aug8.jpg,Trash,Trash
nm_1161up.jpg,NoTrash,NoTrash
nm_1543up.jpg,NoTrash,NoTrash
Screenshot-2025-07-19-163814_png.rf.a20b78e7fcf2ade84f61c2e066349f6f_aug9.jpg,Trash,Trash
Screenshot-2025-07-19-165404_png.rf.a42f9bf1799a1c8f58a1d149038adfe2_aug4.jpg,Trash,Trash
gmn_7976up.jpg,NoTrash,NoTrash
gmn_6700up.jpg,NoTrash,NoTrash
gmn_6756up.jpg,NoTrash,NoTrash
nm_2663up.jpg,NoTrash,NoTrash
gmn_7567up.jpg,NoTrash,NoTrash
nm_1372up.jpg,NoTrash,NoTrash
nm_994up.jpg,NoTrash,NoTrash
gmn_5222up.jpg,NoTrash,NoTrash
gmn_6510up.jpg,NoTrash,NoTrash
gmn_6402up.jpg,NoTrash,NoTrash
gmn_7556up.jpg,NoTrash,NoTrash
Screenshot-2025-07-19-164022_png.rf.9da6679dae47c567a99c102a7f08f285_aug7.jpg,Trash,Trash
nm_1700up.jpg,NoTrash,NoTrash
Screenshot-2025-07-19-164022_png.rf.9da6679dae47c567a99c102a7f08f285_aug8.jpg,Trash,Trash
Screenshot-2025-07-22-092830_png.rf.d6b22742f036784885dc6b39bf773cf3_aug6.jpg,Trash,Trash
Screenshot-2025-07-22-094737_png.rf.971a85e6bc2e7a8ec91f6b0141105bca_aug1.jpg,Trash,Trash
Screenshot-2025-07-22-092029_png.rf.7dc674eabede669157329f8fe2402808_aug0.jpg,Trash,Trash
gmn_7862up.jpg,NoTrash,NoTrash
gmn_7956up.jpg,NoTrash,NoTrash
nm_3131up.jpg,NoTrash,NoTrash
Screenshot-2025-07-19-162857_png.rf.9ddc358020d74e15e7d364ac13b10ea2_aug4.jpg,Trash,Trash
Screenshot-2025-07-19-163052_png.rf.94f6efce62139f2cc09ea5033cca281c_aug2.jpg,Trash,Trash
gmn_6432up.jpg,NoTrash,NoTrash
gmn_6061up.jpg,NoTrash,NoTrash
Screenshot-2025-07-19-165000_png.rf.85cefd6e4c795225c00e515045706918_aug4.jpg,Trash,Trash
nm_1851up.jpg,NoTrash,NoTrash
Screenshot-2025-07-19-160429_png.rf.d1c5b736c88157bf54d214899aae3ae9_aug14.jpg,Trash,Trash
nm_2006up.jpg,NoTrash,NoTrash
nm_1693up.jpg,NoTrash,NoTrash
nm_1577up.jpg,NoTrash,NoTrash
Screenshot-2025-07-19-161238_png.rf.766f7a5dc5a20884a7265477e70bed52_aug6.jpg,Trash,Trash
gmn_5028up.jpg,NoTrash,NoTrash
Screenshot-2025-07-19-160721_png.rf.8f1517929dce6d81bd6086459a9be5c7_aug11.jpg,Trash,Trash
Screenshot-2025-07-19-162201_png.rf.d855fd79819c1cf28be6b585681cdad9_aug12.jpg,Trash,Trash
Screenshot-2025-07-19-162029_png.rf.b736359ed4bdf64961732dea9b3f6f36_aug8.jpg,Trash,Trash
Screenshot-2025-07-22-092358_png.rf.664d7f49e9ea43233acb578717d3797b_aug1.jpg,Trash,Trash
gmn_7965up.jpg,NoTrash,NoTrash
gmn_5618up.jpg,NoTrash,NoTrash
Screenshot-2025-07-19-164022_png.rf.9da6679dae47c567a99c102a7f08f285_aug10.jpg,Trash,Trash
nm_1416up.jpg,NoTrash,NoTrash
nm_482up.jpg,NoTrash,NoTrash
Screenshot-2025-07-22-092029_png.rf.7dc674eabede669157329f8fe2402808_aug8.jpg,Trash,Trash
gmn_7468up.jpg,NoTrash,NoTrash
Screenshot-2025-07-19-162737_png.rf.0cb2d4c1c64d7400747a95af1e0180b2_aug5.jpg,Trash,Trash
Screenshot-2025-07-19-161739_png.rf.36b4b819ec7ac478da808fb18f382dc5_aug0.jpg,Trash,Trash
nm_2021up.jpg,NoTrash,NoTrash
nm_1596up.jpg,NoTrash,NoTrash
Screenshot-2025-07-22-093950_png.rf.ba01f94fbd44bd7724d24394d58d61f9_aug7.jpg,Trash,Trash
gmn_6767up.jpg,NoTrash,NoTrash
frame_10290_jpg.rf.c4a3b2bca42ca05fe4b6f3a475f83afd.jpg,NoTrash,NoTrash
Screenshot-2025-07-19-160632_png.rf.bc88e852a1277e8c77290818d504f2eb_aug11.jpg,Trash,Trash
Screenshot-2025-07-19-163755_png.rf.b6e0687cdc485b7cbccddaec01fde348_aug7.jpg,Trash,Trash
gmn_5137up.jpg,NoTrash,NoTrash
Screenshot-2025-07-19-162903_png.rf.6a542133ba6af4099a52656645b6a3e6_aug2.jpg,Trash,Trash
gmn_7457up.jpg,NoTrash,NoTrash
Screenshot-2025-07-19-164022_png.rf.9da6679dae47c567a99c102a7f08f285_aug13.jpg,Trash,Trash
Screenshot-2025-07-19-162128_png.rf.c05fc5d6789b570e6ffcc66f983f98cc_aug9.jpg,Trash,Trash
nm_2702up.jpg,NoTrash,NoTrash
nm_1927up.jpg,NoTrash,NoTrash
nm_316up.jpg,NoTrash,NoTrash
nm_2513up.jpg,NoTrash,NoTrash
Screenshot-2025-07-19-165256_png.rf.07b243054a5ab8ef94a46169bed690f5_aug14.jpg,Trash,Trash
gmn_5994up.jpg,NoTrash,NoTrash
Screenshot-2025-07-19-162226_png.rf.0959f303f6327a78e959dff1fe5d408f_aug11.jpg,Trash,Trash
gmn_6092up.jpg,NoTrash,NoTrash
nm_670up.jpg,NoTrash,Trash
Screenshot-2025-07-19-163401_png.rf.706c73995fafbc1f7bb69f99bd16e840_aug10.jpg,Trash,Trash
gmn_5489up.jpg,NoTrash,NoTrash
Screenshot-2025-07-19-161914_png.rf.c7779d212efbc666d4a74cbecf6006fd_aug9.jpg,Trash,Trash
gmn_5814up.jpg,NoTrash,NoTrash
gmn_5502up.jpg,NoTrash,NoTrash
gmn_6894up.jpg,NoTrash,NoTrash
gmn_7191up.jpg,NoTrash,NoTrash
gmn_7203up.jpg,NoTrash,NoTrash
nm_273up.jpg,NoTrash,NoTrash
Screenshot-2025-07-19-163222_png.rf.c431a785a2a0d614a37d0337d0be6d7f_aug10.jpg,Trash,Trash
nm_2202up.jpg,NoTrash,NoTrash
nm_2007up.jpg,NoTrash,NoTrash
Screenshot-2025-07-19-164930_png.rf.e5646f029c02f5cde7ada6acb5173020_aug10.jpg,Trash,Trash
frame_20880_jpg.rf.8fc351de2c576a0c4e80088b0e9958c3.jpg,NoTrash,NoTrash
gmn_5596up.jpg,NoTrash,NoTrash
nm_1979up.jpg,NoTrash,NoTrash
Screenshot-2025-07-19-162114_png.rf.3e3ca972918d668ff8901b3e9c9eaed9_aug0.jpg,Trash,Trash
nm_975up.jpg,NoTrash,NoTrash
frame_23130_jpg.rf.ab7bb29e1437ebcf8e1327b2620ce0a2.jpg,NoTrash,NoTrash
nm_2260up.jpg,NoTrash,NoTrash
gmn_6480up.jpg,NoTrash,NoTrash
Screenshot-2025-07-22-092557_png.rf.118e2f24003b195ed7e4307b09d82c0f_aug9.jpg,Trash,Trash
nm_2827up.jpg,NoTrash,NoTrash
frame_16740_jpg.rf.05ac4372615c19e26bd51777a59a9e07.jpg,NoTrash,NoTrash
nm_2955up.jpg,NoTrash,NoTrash
Screenshot-2025-07-19-161544_png.rf.64c2c94afbc86eba44f698660e3d31e0_aug5.jpg,Trash,Trash
test_9265up.jpg,NoTrash,NoTrash
Screenshot-2025-07-22-093823_png.rf.6da6d21a2d8b36373cba733f350a1fd9_aug13.jpg,Trash,Trash
Screenshot-2025-07-19-162656_png.rf.27f6b0463e6358931a3e4a6b5c3b93b6_aug8.jpg,Trash,Trash
Screenshot-2025-07-19-162751_png.rf.b2c38f0544b3f4a65210570e2e77b4a4_aug3.jpg,Trash,Trash
Screenshot-2025-07-19-160937_png.rf.3460ff250f61fd1d12a80c8453749d79_aug12.jpg,Trash,Trash
gmn_6981up.jpg,NoTrash,NoTrash
Screenshot-2025-07-19-161349_png.rf.f33ca91ea1347dd1048df8e37c924c33_aug8.jpg,Trash,Trash
Screenshot-2025-07-22-010127_png.rf.b2efe8ce5fce80f8129201b516d82999_aug7.jpg,Trash,Trash
nm_190up.jpg,NoTrash,NoTrash
Screenshot-2025-07-22-094433_png.rf.f5716f05e55f6e1679690a1e31bfbe62_aug0.jpg,Trash,Trash
Screenshot-2025-07-19-163133_png.rf.e2ea1e12841a0d835da0c5cd4b9fc615_aug0.jpg,Trash,Trash
Screenshot-2025-07-19-163954_png.rf.cae52b395da205b9a6b504291de76915_aug12.jpg,Trash,Trash
nm_1068up.jpg,NoTrash,NoTrash
gmn_5272up.jpg,NoTrash,NoTrash
gmn_6560up.jpg,NoTrash,NoTrash
nm_3159up.jpg,NoTrash,NoTrash
test_9275up.jpg,NoTrash,NoTrash
gmn_7765up.jpg,NoTrash,NoTrash
gmn_5070up.jpg,NoTrash,NoTrash
nm_1409up.jpg,NoTrash,NoTrash
nm_1637up.jpg,NoTrash,NoTrash
nm_2828up.jpg,NoTrash,NoTrash
Screenshot-2025-07-22-092956_png.rf.560b13fa36c2684e06de9f32f6f5e380_aug3.jpg,Trash,Trash
Screenshot-2025-07-19-165404_png.rf.a42f9bf1799a1c8f58a1d149038adfe2_aug2.jpg,Trash,Trash
gmn_7675up.jpg,NoTrash,NoTrash
frame_36300_jpg.rf.3b8ddc44060f13f7f22b02604707919a.jpg,NoTrash,NoTrash
gmn_6721up.jpg,NoTrash,NoTrash
nm_1140up.jpg,NoTrash,NoTrash
Screenshot-2025-07-19-162016_png.rf.8f093f88dd1e50adf74c4e2596a07ec0_aug3.jpg,Trash,Trash
gmn_5938up.jpg,NoTrash,NoTrash
gmn_7681up.jpg,NoTrash,NoTrash
gmn_5572up.jpg,NoTrash,NoTrash
nm_2169up.jpg,NoTrash,NoTrash
Screenshot-2025-07-19-162925_png.rf.369a944615dd781423415c64c9569c45_aug3.jpg,Trash,Trash
gmn_6340up.jpg,NoTrash,NoTrash
Screenshot-2025-07-22-093645_png.rf.6c4575a1795bde55720c73fdb6de5d25_aug11.jpg,Trash,Trash
nm_1505up.jpg,NoTrash,NoTrash
nm_1129up.jpg,NoTrash,NoTrash
test_9237up.jpg,NoTrash,NoTrash
nm_2509up.jpg,NoTrash,NoTrash
Screenshot-2025-07-22-092152_png.rf.3ca503e70030b53af907fa58805f10a3_aug6.jpg,Trash,Trash
nm_2450up.jpg,NoTrash,NoTrash
gmn_5585up.jpg,NoTrash,NoTrash
nm_2045up.jpg,NoTrash,NoTrash
Screenshot-2025-07-19-162250_png.rf.82a8291b3fefe2a50ae0f91b84b6ecd4_aug6.jpg,Trash,Trash
gmn_5188up.jpg,NoTrash,NoTrash
nm_856up.jpg,NoTrash,NoTrash
nm_2983up.jpg,NoTrash,NoTrash
nm_3121up.jpg,NoTrash,NoTrash
nm_967up.jpg,NoTrash,NoTrash
nm_881up.jpg,NoTrash,NoTrash
nm_3019up.jpg,NoTrash,NoTrash
gmn_5168up.jpg,NoTrash,NoTrash
Screenshot-2025-07-19-160543_png.rf.63845cabb34b52a86a62ef726933d29c_aug12.jpg,Trash,Trash
nm_457up.jpg,NoTrash,NoTrash
Screenshot-2025-07-19-163538_png.rf.5097c2ba92fa84d3685cd7a88856c2a8_aug12.jpg,Trash,Trash
gmn_6512up.jpg,NoTrash,NoTrash
nm_2158up.jpg,NoTrash,NoTrash
Screenshot-2025-07-19-163222_png.rf.c431a785a2a0d614a37d0337d0be6d7f_aug0.jpg,Trash,Trash
nm_1685up.jpg,NoTrash,NoTrash
gmn_8130up.jpg,NoTrash,NoTrash
nm_2226up.jpg,NoTrash,NoTrash
Screenshot-2025-07-19-160648_png.rf.f1d4742072169de269d82d70cb9d8f52_aug8.jpg,Trash,Trash
nm_781up.jpg,NoTrash,NoTrash
gmn_7043up.jpg,NoTrash,NoTrash
gmn_7340up.jpg,NoTrash,NoTrash
nm_1742up.jpg,NoTrash,NoTrash
nm_2666up.jpg,NoTrash,NoTrash
Screenshot-2025-07-22-092928_png.rf.85fbce3efa955d170e29c12ac2cc29f0_aug6.jpg,Trash,Trash
Screenshot-2025-07-22-094619_png.rf.6eda4d2016d598c386d37dd21060f124_aug12.jpg,Trash,Trash
Screenshot-2025-07-19-161229_png.rf.7bfd4d05e39a574fab0b29c9ea7b5597_aug9.jpg,Trash,Trash
nm_1403up.jpg,NoTrash,NoTrash
Screenshot-2025-07-22-092710_png.rf.8d7ca1b348e59dba98c7c14da079ef77_aug9.jpg,Trash,Trash
Screenshot-2025-07-22-093714_png.rf.3eafa8b575359b9ae65acf921f6b8bcc_aug14.jpg,Trash,Trash
gmn_6433up.jpg,NoTrash,NoTrash
gmn_7273up.jpg,NoTrash,NoTrash
gmn_6807up.jpg,NoTrash,NoTrash
nm_2998up.jpg,NoTrash,NoTrash
Screenshot-2025-07-22-093925_png.rf.9c97d5a427a68b73365d7f67db026ef8_aug3.jpg,Trash,Trash
Screenshot-2025-07-22-094227_png.rf.97ad94a30d9ea046b8cf9a1549487473_aug4.jpg,Trash,Trash
gmn_5599up.jpg,NoTrash,NoTrash
gmn_7370up.jpg,NoTrash,NoTrash
Screenshot-2025-07-19-160543_png.rf.63845cabb34b52a86a62ef726933d29c_aug10.jpg,Trash,Trash
Screenshot-2025-07-19-164729_png.rf.a8bdbdaa9ff4fd38a7eec746bc10fa4d_aug0.jpg,Trash,Trash
gmn_5412up.jpg,NoTrash,NoTrash
nm_1965up.jpg,NoTrash,NoTrash
nm_2893up.jpg,NoTrash,NoTrash
Screenshot-2025-07-22-093802_png.rf.769ee7b8531064c9c40b049a05b4ff30_aug8.jpg,Trash,Trash
Screenshot-2025-07-19-163538_png.rf.5097c2ba92fa84d3685cd7a88856c2a8_aug6.jpg,Trash,Trash
nm_2699up.jpg,NoTrash,NoTrash
Screenshot-2025-07-22-091723_png.rf.bdce94dab033d40b7dd15466b916bd52_aug0.jpg,Trash,Trash
Screenshot-2025-07-19-161718_png.rf.cb457e7d34bd870cfd9d663ab60caa5a_aug4.jpg,Trash,Trash
Screenshot-2025-07-19-165226_png.rf.010921fc92b687cbc127f1a4d449d329_aug4.jpg,Trash,Trash
gmn_7957up.jpg,NoTrash,NoTrash
gmn_7780up.jpg,NoTrash,NoTrash
nm_2647up.jpg,NoTrash,NoTrash
nm_2130up.jpg,NoTrash,NoTrash
test_9036up.jpg,NoTrash,NoTrash
test_9079up.jpg,NoTrash,NoTrash
gmn_5278up.jpg,NoTrash,NoTrash
Screenshot-2025-07-19-161924_png.rf.ef96129c74d0df8f4aa376c49555c4c3_aug11.jpg,Trash,Trash
gmn_6397up.jpg,NoTrash,NoTrash
gmn_6106up.jpg,NoTrash,NoTrash
nm_2418up.jpg,NoTrash,NoTrash
gmn_6328up.jpg,NoTrash,NoTrash
Screenshot-2025-07-22-094440_png.rf.1a17847ec389f2edfff2ebf558ce66e7_aug12.jpg,Trash,Trash
gmn_5161up.jpg,NoTrash,NoTrash
Screenshot-2025-07-22-093035_png.rf.d43198526bb21854356d8333496503be_aug5.jpg,Trash,Trash
nm_3193up.jpg,NoTrash,NoTrash
test_9197up.jpg,NoTrash,NoTrash
gmn_5540up.jpg,NoTrash,NoTrash
nm_885up.jpg,NoTrash,NoTrash
Screenshot-2025-07-22-094619_png.rf.6eda4d2016d598c386d37dd21060f124_aug3.jpg,Trash,Trash
gmn_5649up.jpg,NoTrash,NoTrash
Screenshot-2025-07-19-161559_png.rf.d089f3ed9c1d2cf9f7afd7829eacce2b_aug4.jpg,Trash,Trash
Screenshot-2025-07-22-083721_png.rf.484036245567044232213634121932cf_aug11.jpg,Trash,Trash
frame_35070_jpg.rf.e738407d83b100713e5621451b2abf2c.jpg,NoTrash,NoTrash
nm_596up.jpg,NoTrash,NoTrash
gmn_6487up.jpg,NoTrash,NoTrash
Screenshot-2025-07-22-093028_png.rf.419f7abbb66a224de925885306d52221_aug1.jpg,Trash,Trash
Screenshot-2025-07-19-164102_png.rf.f8c4a4019a634635abefb72c367681a7_aug3.jpg,Trash,Trash
frame_34800_jpg.rf.d4a7ba2f496954365c535e74022dc98f.jpg,NoTrash,NoTrash
Screenshot-2025-07-19-163059_png.rf.1b9b070f3998fdeb5205a395fc2a8b99_aug13.jpg,Trash,Trash
Screenshot-2025-07-22-093909_png.rf.88d3549e63326376937f1195af4ab463_aug9.jpg,Trash,Trash
gmn_6131up.jpg,NoTrash,NoTrash
Screenshot-2025-07-19-163018_png.rf.7864ce9f36bf2a51ea25449043cd5e9b_aug11.jpg,Trash,Trash
Screenshot-2025-07-19-160923_png.rf.c0279ed2bae7fba3b7a14d8bdbf3f6c0_aug11.jpg,Trash,Trash
Screenshot-2025-07-19-163538_png.rf.5097c2ba92fa84d3685cd7a88856c2a8_aug5.jpg,Trash,Trash
nm_2919up.jpg,NoTrash,NoTrash
nm_2118up.jpg,NoTrash,NoTrash
Screenshot-2025-07-19-164936_png.rf.729833291d274f54edb55cefbe767fe7_aug6.jpg,Trash,Trash
gmn_6465up.jpg,NoTrash,NoTrash
gmn_5930up.jpg,NoTrash,NoTrash
Screenshot-2025-07-22-093909_png.rf.88d3549e63326376937f1195af4ab463_aug10.jpg,Trash,Trash
Screenshot-2025-07-19-163551_png.rf.a9ace650f1b1e2c6be970ea67098d63e_aug8.jpg,Trash,Trash
gmn_6569up.jpg,NoTrash,NoTrash
nm_2177up.jpg,NoTrash,NoTrash
gmn_6250up.jpg,NoTrash,NoTrash
Screenshot-2025-07-22-083721_png.rf.484036245567044232213634121932cf_aug10.jpg,Trash,Trash
gmn_5327up.jpg,NoTrash,NoTrash
frame_35910_jpg.rf.c249a82303bc9389f156ec950eebd30d.jpg,NoTrash,NoTrash
nm_1370up.jpg,NoTrash,NoTrash
nm_3023up.jpg,NoTrash,NoTrash
gmn_7404up.jpg,NoTrash,NoTrash
gmn_7579up.jpg,NoTrash,NoTrash
nm_2637up.jpg,NoTrash,NoTrash
Screenshot-2025-07-19-162956_png.rf.1f312ed3ff667b9badf2a61f91b1752c_aug0.jpg,Trash,Trash
nm_2428up.jpg,NoTrash,NoTrash
frame_25650_jpg.rf.fdfd280982c7703af261a83277628e02.jpg,NoTrash,NoTrash
gmn_6793up.jpg,NoTrash,NoTrash
Screenshot-2025-07-19-160827_png.rf.f0a49f03921bcb4b908a4508048d27c0_aug6.jpg,Trash,Trash
Screenshot-2025-07-22-094440_png.rf.1a17847ec389f2edfff2ebf558ce66e7_aug9.jpg,Trash,Trash
gmn_5163up.jpg,NoTrash,NoTrash
Screenshot-2025-07-19-165119_png.rf.073bf7e675b90a417d8e880edd542cbf_aug4.jpg,Trash,Trash
Screenshot-2025-07-22-092853_png.rf.4b9a3a2f576ef806ec78662a759988a0_aug2.jpg,Trash,Trash
nm_1339up.jpg,NoTrash,NoTrash
gmn_5053up.jpg,NoTrash,NoTrash
gmn_5274up.jpg,NoTrash,NoTrash
Screenshot-2025-07-22-092948_png.rf.a5ed02bf8eb84b4ffe13577c69e2760c_aug0.jpg,Trash,Trash
nm_24up.jpg,NoTrash,NoTrash
gmn_5426up.jpg,NoTrash,NoTrash
nm_729up.jpg,NoTrash,NoTrash
gmn_6153up.jpg,NoTrash,NoTrash
nm_721up.jpg,NoTrash,NoTrash
Screenshot-2025-07-19-163755_png.rf.b6e0687cdc485b7cbccddaec01fde348_aug11.jpg,Trash,Trash
Screenshot-2025-07-19-162004_png.rf.fe84924ac861f1c4febd767aacf68503_aug5.jpg,Trash,Trash
gmn_6490up.jpg,NoTrash,NoTrash
test_9213up.jpg,NoTrash,NoTrash
nm_639up.jpg,NoTrash,NoTrash
nm_2629up.jpg,NoTrash,NoTrash
gmn_6898up.jpg,NoTrash,NoTrash
screenshot_23_jpg.rf.73336a8f2cd5855d8ad0eb7d6d1b738f.jpg,NoTrash,NoTrash
Screenshot-2025-07-19-161032_png.rf.f593c31446f8c35a8b973a8b250b084b_aug11.jpg,Trash,Trash
nm_2797up.jpg,NoTrash,NoTrash
frame_14670_jpg.rf.31733459c03eefce189f8e37aba4724a.jpg,NoTrash,NoTrash
Screenshot-2025-07-19-162029_png.rf.b736359ed4bdf64961732dea9b3f6f36_aug1.jpg,Trash,Trash
nm_1126up.jpg,NoTrash,NoTrash
nm_514up.jpg,NoTrash,NoTrash
Screenshot-2025-07-19-163814_png.rf.a20b78e7fcf2ade84f61c2e066349f6f_aug7.jpg,Trash,Trash
nm_2732up.jpg,NoTrash,NoTrash
Screenshot-2025-07-19-162947_png.rf.7114c51149977d97b73b3df7561a12de_aug2.jpg,Trash,Trash
Screenshot-2025-07-22-093846_png.rf.b3d84f26e1ed093d8146eb4cef33b663_aug2.jpg,Trash,Trash
gmn_5348up.jpg,NoTrash,NoTrash
gmn_5336up.jpg,NoTrash,NoTrash
nm_1075up.jpg,NoTrash,NoTrash
gmn_6483up.jpg,NoTrash,NoTrash
Screenshot-2025-07-22-092934_png.rf.4feaf21a9e6a2e8cf5789b51f0a1b1da_aug4.jpg,Trash,Trash
Screenshot-2025-07-19-163806_png.rf.6d054e3236d99463161775fbde463ab8_aug0.jpg,Trash,Trash
frame_25110_jpg.rf.9290e5279c83a56aeed099011648a065.jpg,NoTrash,NoTrash
gmn_7017up.jpg,NoTrash,NoTrash
Screenshot-2025-07-19-165207_png.rf.f706977b51c10b099431d20eabc560af_aug9.jpg,Trash,Trash
gmn_7800up.jpg,NoTrash,NoTrash
Screenshot-2025-07-19-160827_png.rf.f0a49f03921bcb4b908a4508048d27c0_aug10.jpg,Trash,Trash
nm_57up.jpg,NoTrash,NoTrash
Screenshot-2025-07-19-162141_png.rf.21b2aec69db45d85ea44d35287256d19_aug1.jpg,Trash,Trash
nm_1442up.jpg,NoTrash,NoTrash
nm_1973up.jpg,NoTrash,NoTrash
test_9097up.jpg,NoTrash,NoTrash
frame_26160_jpg.rf.ef1a9346167216c189c657876db6aee3.jpg,NoTrash,NoTrash
nm_137up.jpg,NoTrash,NoTrash
nm_2228up.jpg,NoTrash,NoTrash
Screenshot-2025-07-22-092358_png.rf.664d7f49e9ea43233acb578717d3797b_aug5.jpg,Trash,Trash
Screenshot-2025-07-19-164048_png.rf.73dd8e5bc1a160f10a8fa15e3b946d40_aug1.jpg,Trash,Trash
gmn_7550up.jpg,NoTrash,NoTrash
Screenshot-2025-07-19-162844_png.rf.03bd61b900f51fd312a6fceee3d6b928_aug2.jpg,Trash,Trash
gmn_7350up.jpg,NoTrash,NoTrash
Screenshot-2025-07-19-160815_png.rf.56650277b547ae5f30e6aae68bd67738_aug11.jpg,Trash,Trash
Screenshot-2025-07-19-163717_png.rf.2531cafd49fae73e40d1604af1ed57c2_aug3.jpg,Trash,Trash
nm_2369up.jpg,NoTrash,NoTrash
gmn_5969up.jpg,NoTrash,NoTrash
gmn_6204up.jpg,NoTrash,NoTrash
nm_1072up.jpg,NoTrash,NoTrash
nm_631up.jpg,NoTrash,NoTrash
Screenshot-2025-07-19-162201_png.rf.d855fd79819c1cf28be6b585681cdad9_aug10.jpg,Trash,Trash
Screenshot-2025-07-19-162029_png.rf.b736359ed4bdf64961732dea9b3f6f36_aug9.jpg,Trash,Trash
gmn_7069up.jpg,NoTrash,NoTrash
nm_1658up.jpg,NoTrash,NoTrash
nm_2768up.jpg,NoTrash,NoTrash
gmn_7066up.jpg,NoTrash,NoTrash
Screenshot-2025-07-19-163031_png.rf.419b4333e678ebd6e8374b69027358c1_aug14.jpg,Trash,Trash
Screenshot-2025-07-22-010015_png.rf.664b642a6e919ea5eb200ef2ffd1056f_aug6.jpg,Trash,Trash
test_9256up.jpg,NoTrash,NoTrash
Screenshot-2025-07-22-092710_png.rf.8d7ca1b348e59dba98c7c14da079ef77_aug6.jpg,Trash,Trash
gmn_5413up.jpg,NoTrash,NoTrash
nm_2545up.jpg,NoTrash,NoTrash
nm_1366up.jpg,NoTrash,NoTrash
gmn_5918up.jpg,NoTrash,NoTrash
Screenshot-2025-07-19-161739_png.rf.36b4b819ec7ac478da808fb18f382dc5_aug10.jpg,Trash,Trash
Screenshot-2025-07-22-093754_png.rf.e23c3b384fa63570a380f6f61e7989a7_aug9.jpg,Trash,Trash
gmn_8078up.jpg,NoTrash,NoTrash
frame_14940_jpg.rf.242ba4a7d6819431332045bebbcd1efb.jpg,NoTrash,NoTrash
Screenshot-2025-07-22-092920_png.rf.e2e489b174bad1cddb543793012eab93_aug2.jpg,Trash,Trash
Screenshot-2025-07-19-163059_png.rf.1b9b070f3998fdeb5205a395fc2a8b99_aug5.jpg,Trash,Trash
gmn_8049up.jpg,NoTrash,NoTrash
Screenshot-2025-07-22-092934_png.rf.4feaf21a9e6a2e8cf5789b51f0a1b1da_aug10.jpg,Trash,Trash
Screenshot-2025-07-19-162609_png.rf.f6e25a5d35f9c283c485307e058e0113_aug7.jpg,Trash,Trash
nm_1537up.jpg,NoTrash,NoTrash
test_9320up.jpg,NoTrash,NoTrash
Screenshot-2025-07-19-160838_png.rf.877169491220b629ab3a1c6d9019a4be_aug4.jpg,Trash,Trash
Screenshot-2025-07-19-161308_png.rf.19e7d5f8adda644f7c66239825c2ec02_aug1.jpg,Trash,Trash
gmn_7433up.jpg,NoTrash,NoTrash
nm_880up.jpg,NoTrash,NoTrash
Screenshot-2025-07-19-161349_png.rf.f33ca91ea1347dd1048df8e37c924c33_aug12.jpg,Trash,Trash
Screenshot-2025-07-19-160632_png.rf.bc88e852a1277e8c77290818d504f2eb_aug7.jpg,Trash,Trash
gmn_5129up.jpg,NoTrash,NoTrash
gmn_6469up.jpg,NoTrash,NoTrash
gmn_5273up.jpg,NoTrash,NoTrash
Screenshot-2025-07-22-092406_png.rf.ce03a0a81fb4c2bdf3d3318edbf0584a_aug12.jpg,Trash,Trash
nm_1061up.jpg,NoTrash,NoTrash
gmn_5661up.jpg,NoTrash,NoTrash
Screenshot-2025-07-19-165318_png.rf.85fff4924e804b38870b0e71397c3362_aug6.jpg,Trash,Trash
nm_2814up.jpg,NoTrash,NoTrash
nm_3135up.jpg,NoTrash,NoTrash
gmn_6815up.jpg,NoTrash,NoTrash
frame_22830_jpg.rf.f5904bd047cbe1020c7f5e738d313f04.jpg,NoTrash,NoTrash
nm_2056up.jpg,NoTrash,NoTrash
gmn_6014up.jpg,NoTrash,NoTrash
gmn_7215up.jpg,NoTrash,NoTrash
nm_6up.jpg,NoTrash,NoTrash
Screenshot-2025-07-22-093925_png.rf.9c97d5a427a68b73365d7f67db026ef8_aug7.jpg,Trash,Trash
nm_2971up.jpg,NoTrash,NoTrash
gmn_6983up.jpg,NoTrash,NoTrash
10_webp.rf.bc280a161e02eedf98719153cfcd6bdb_aug4.jpg,Trash,Trash
gmn_7929up.jpg,NoTrash,NoTrash
nm_2714up.jpg,NoTrash,NoTrash
nm_335up.jpg,NoTrash,NoTrash
Screenshot-2025-07-22-094445_png.rf.d13ba748c844a5a282ee193262055769_aug1.jpg,Trash,Trash
Screenshot-2025-07-19-162656_png.rf.27f6b0463e6358931a3e4a6b5c3b93b6_aug4.jpg,Trash,Trash
nm_1492up.jpg,NoTrash,NoTrash
Screenshot-2025-07-22-093925_png.rf.9c97d5a427a68b73365d7f67db026ef8_aug4.jpg,Trash,Trash
nm_2548up.jpg,NoTrash,NoTrash
Screenshot-2025-07-22-093925_png.rf.9c97d5a427a68b73365d7f67db026ef8_aug9.jpg,Trash,Trash
Screenshot-2025-07-19-160601_png.rf.ded3cf0d2391de66f72da3643e256120_aug13.jpg,Trash,Trash
Screenshot-2025-07-22-093936_png.rf.94629e638cbe12bf85b71aa58b55aafd_aug10.jpg,Trash,Trash
gmn_7811up.jpg,NoTrash,NoTrash
frame_16620_jpg.rf.837c61b2c32029b080b9b3600c56560b.jpg,NoTrash,NoTrash
nm_369up.jpg,NoTrash,NoTrash
gmn_7664up.jpg,NoTrash,NoTrash
gmn_6095up.jpg,NoTrash,NoTrash
Screenshot-2025-07-22-092141_png.rf.162cb03f9f85bde3b6a2f7eeec19064d_aug9.jpg,Trash,Trash
Screenshot-2025-07-19-161904_png.rf.4301a23c81fdb69fb41d3467476e9325_aug8.jpg,Trash,Trash
Screenshot-2025-07-22-093510_png.rf.85735bb05a3252fa61a6789a4926c8f9_aug11.jpg,Trash,Trash
nm_2000up.jpg,NoTrash,NoTrash
nm_2709up.jpg,NoTrash,NoTrash
Screenshot-2025-07-19-160601_png.rf.ded3cf0d2391de66f72da3643e256120_aug5.jpg,Trash,Trash
nm_478up.jpg,NoTrash,NoTrash
Screenshot-2025-07-19-164007_png.rf.3f49fb6622bd566ae602ab95408348ee_aug5.jpg,Trash,Trash
Screenshot-2025-07-19-160648_png.rf.f1d4742072169de269d82d70cb9d8f52_aug5.jpg,Trash,Trash
nm_1282up.jpg,NoTrash,NoTrash
Screenshot-2025-07-22-010112_png.rf.8776855f4d62c52d6ce8d1ceb674a545_aug14.jpg,Trash,Trash
Screenshot-2025-07-19-165207_png.rf.f706977b51c10b099431d20eabc560af_aug7.jpg,Trash,Trash
gmn_5333up.jpg,NoTrash,NoTrash
Screenshot-2025-07-19-162903_png.rf.6a542133ba6af4099a52656645b6a3e6_aug4.jpg,Trash,Trash
gmn_5697up.jpg,NoTrash,NoTrash
nm_451up.jpg,NoTrash,NoTrash
nm_506up.jpg,NoTrash,NoTrash
Screenshot-2025-07-22-092203_png.rf.cff9fbdafb7d4fb97910febd19cac667_aug13.jpg,Trash,Trash
nm_398up.jpg,NoTrash,NoTrash
gmn_6740up.jpg,NoTrash,NoTrash
nm_822up.jpg,NoTrash,NoTrash
nm_323up.jpg,NoTrash,NoTrash
Screenshot-2025-07-19-161702_png.rf.e92fd572cce54198df7838b1437f584d_aug3.jpg,Trash,Trash
Screenshot-2025-07-22-093823_png.rf.6da6d21a2d8b36373cba733f350a1fd9_aug2.jpg,Trash,Trash
Screenshot-2025-07-19-163246_png.rf.0b2de9b4e1bf9e1fd3cee064c4738b14_aug12.jpg,Trash,Trash
Screenshot-2025-07-19-161105_png.rf.a7a1ae0ecc42bfcb48af57eb04425410_aug5.jpg,Trash,Trash
gmn_7015up.jpg,NoTrash,NoTrash
gmn_5430up.jpg,NoTrash,NoTrash
gmn_7927up.jpg,NoTrash,NoTrash
Screenshot-2025-07-19-162925_png.rf.369a944615dd781423415c64c9569c45_aug11.jpg,Trash,Trash
Screenshot-2025-07-22-094026_png.rf.c42df110aad7dae407c6f4db1e0bbd06_aug6.jpg,Trash,Trash
gmn_5537up.jpg,NoTrash,NoTrash
gmn_7220up.jpg,NoTrash,NoTrash
Screenshot-2025-07-19-165411_png.rf.e64afa8c4647f899d8d2d513d41215e8_aug13.jpg,Trash,Trash
gmn_6163up.jpg,NoTrash,NoTrash
nm_431up.jpg,NoTrash,NoTrash
gmn_5452up.jpg,NoTrash,NoTrash
gmn_5663up.jpg,NoTrash,NoTrash
test_9057up.jpg,NoTrash,NoTrash
Screenshot-2025-07-22-092920_png.rf.e2e489b174bad1cddb543793012eab93_aug14.jpg,Trash,Trash
nm_1750up.jpg,NoTrash,NoTrash
Screenshot-2025-07-22-092710_png.rf.8d7ca1b348e59dba98c7c14da079ef77_aug11.jpg,Trash,Trash
nm_869up.jpg,NoTrash,NoTrash
gmn_5202up.jpg,NoTrash,NoTrash
Screenshot-2025-07-19-162947_png.rf.7114c51149977d97b73b3df7561a12de_aug4.jpg,Trash,Trash
nm_1199up.jpg,NoTrash,NoTrash
Screenshot-2025-07-22-010127_png.rf.b2efe8ce5fce80f8129201b516d82999_aug9.jpg,Trash,Trash
nm_987up.jpg,NoTrash,NoTrash
gmn_6456up.jpg,NoTrash,NoTrash
gmn_5475up.jpg,NoTrash,NoTrash
Screenshot-2025-07-19-161525_png.rf.d8cf4fbcd766b2bc644a57b2917cf4cb_aug11.jpg,Trash,Trash
Screenshot-2025-07-22-083800_png.rf.4bfc1935604cfb06af0866f30c447d9d_aug4.jpg,Trash,Trash
test_9106up.jpg,NoTrash,NoTrash
gmn_5655up.jpg,NoTrash,NoTrash
Screenshot-2025-07-19-161826_png.rf.908048d5717d43b9d114ee513eaeda0a_aug12.jpg,Trash,Trash
Screenshot-2025-07-22-091723_png.rf.bdce94dab033d40b7dd15466b916bd52_aug3.jpg,Trash,Trash
nm_1946up(1).jpg,NoTrash,NoTrash
Screenshot-2025-07-19-163231_png.rf.28bb67aa0102c5794372028e015f1776_aug12.jpg,Trash,Trash
gmn_6590up.jpg,NoTrash,NoTrash
Screenshot-2025-07-19-162016_png.rf.8f093f88dd1e50adf74c4e2596a07ec0_aug4.jpg,Trash,Trash
Screenshot-2025-07-22-093916_png.rf.a2dd399f15205568a96a30ac955182fb_aug0.jpg,Trash,Trash
Screenshot-2025-07-19-162656_png.rf.27f6b0463e6358931a3e4a6b5c3b93b6_aug14.jpg,Trash,Trash
nm_765up.jpg,NoTrash,NoTrash
nm_2039up.jpg,NoTrash,NoTrash
Screenshot-2025-07-19-162956_png.rf.1f312ed3ff667b9badf2a61f91b1752c_aug5.jpg,Trash,Trash
gmn_5953up.jpg,NoTrash,NoTrash
Screenshot-2025-07-19-161718_png.rf.cb457e7d34bd870cfd9d663ab60caa5a_aug7.jpg,Trash,Trash
gmn_5627up.jpg,NoTrash,NoTrash
Screenshot-2025-07-22-094737_png.rf.971a85e6bc2e7a8ec91f6b0141105bca_aug14.jpg,Trash,Trash
nm_2497up.jpg,NoTrash,NoTrash
test_9013up.jpg,NoTrash,NoTrash
gmn_5761up.jpg,NoTrash,NoTrash
nm_1477up.jpg,NoTrash,NoTrash
Screenshot-2025-07-19-165248_png.rf.02b850c83cd111149efd7272d4d9e320_aug5.jpg,Trash,Trash
gmn_6867up.jpg,NoTrash,NoTrash
Screenshot-2025-07-22-092920_png.rf.e2e489b174bad1cddb543793012eab93_aug4.jpg,Trash,Trash
gmn_8138up.jpg,NoTrash,NoTrash
nm_1986up.jpg,NoTrash,NoTrash
nm_313up.jpg,NoTrash,NoTrash
nm_391up.jpg,NoTrash,NoTrash
gmn_5388up.jpg,NoTrash,NoTrash
gmn_6147up.jpg,NoTrash,NoTrash
test_9122up.jpg,NoTrash,NoTrash
frame_15180_jpg.rf.62fc22dd1005149e741a79987018368c.jpg,NoTrash,NoTrash
gmn_7168up.jpg,NoTrash,NoTrash
gmn_6565up.jpg,NoTrash,NoTrash
gmn_6200up.jpg,NoTrash,NoTrash
nm_1959up.jpg,NoTrash,NoTrash
Screenshot-2025-07-19-164001_png.rf.eababd1cb3676edc5436be350f444540_aug10.jpg,Trash,Trash
gmn_7028up.jpg,NoTrash,NoTrash
nm_1806up.jpg,NoTrash,NoTrash
nm_286up.jpg,NoTrash,NoTrash
Screenshot-2025-07-19-162838_png.rf.249375dbb1270e5c3076cf0f48d5d42a_aug3.jpg,Trash,Trash
Screenshot-2025-07-22-093950_png.rf.ba01f94fbd44bd7724d24394d58d61f9_aug10.jpg,Trash,Trash
gmn_5867up.jpg,NoTrash,NoTrash
nm_1650up.jpg,NoTrash,NoTrash
nm_1812up.jpg,NoTrash,NoTrash
Screenshot-2025-07-22-092522_png.rf.c6c505198ee1a9601ef5070d000e492c_aug6.jpg,Trash,Trash
frame_25800_jpg.rf.ee329ccdaee1afb14ede5750a79d6ca4.jpg,NoTrash,Trash
frame_24840_jpg.rf.71e9b667350a7e15c99b97ce5b5e4448.jpg,NoTrash,NoTrash
nm_2686up.jpg,NoTrash,NoTrash
nm_99up.jpg,NoTrash,NoTrash
Screenshot-2025-07-19-160648_png.rf.f1d4742072169de269d82d70cb9d8f52_aug7.jpg,Trash,Trash
nm_325up.jpg,NoTrash,NoTrash
Screenshot-2025-07-19-161809_png.rf.6a3ebb5129a9af45874b05f0dca90f06_aug14.jpg,Trash,Trash
nm_1826up.jpg,NoTrash,NoTrash
nm_1074up.jpg,NoTrash,NoTrash
Screenshot-2025-07-19-161359_png.rf.80b9ddc265300db34e7297430562d588_aug7.jpg,Trash,Trash
Screenshot-2025-07-19-160803_png.rf.d1faba398857f026657a4758b4bbbc44_aug0.jpg,Trash,Trash
nm_1130up.jpg,NoTrash,NoTrash
Screenshot-2025-07-22-093023_png.rf.8f0b1d341dd028cb622913c638fa6b4e_aug12.jpg,Trash,Trash
nm_447up.jpg,NoTrash,NoTrash
gmn_6816up.jpg,NoTrash,NoTrash
gmn_6256up.jpg,NoTrash,NoTrash
Screenshot-2025-07-19-160455_png.rf.03ab1ef6dd8c4d48235e92fefaada285_aug6.jpg,Trash,Trash
Screenshot-2025-07-22-093823_png.rf.6da6d21a2d8b36373cba733f350a1fd9_aug7.jpg,Trash,Trash
nm_1932up.jpg,NoTrash,NoTrash
gmn_8046up.jpg,NoTrash,NoTrash
nm_2841up.jpg,NoTrash,NoTrash
Screenshot-2025-07-22-093925_png.rf.9c97d5a427a68b73365d7f67db026ef8_aug5.jpg,Trash,Trash
gmn_6120up.jpg,NoTrash,NoTrash
nm_90up.jpg,NoTrash,NoTrash
frame_35550_jpg.rf.005fdfa6bfa93dc7d0aec77bd931ab5d.jpg,NoTrash,NoTrash
nm_1994up.jpg,NoTrash,NoTrash
Screenshot-2025-07-22-092128_png.rf.020353087ec3bdf054513b76a76e0386_aug6.jpg,Trash,Trash
gmn_5979up.jpg,NoTrash,NoTrash
gmn_7434up.jpg,NoTrash,NoTrash
Screenshot-2025-07-19-164153_png.rf.36766fe61e70299cdd8b3e1f6bcbe0f0_aug14.jpg,Trash,Trash
gmn_6071up.jpg,NoTrash,NoTrash
Screenshot-2025-07-22-094724_png.rf.b4a3163d67272f0255f336576b92e6d6_aug10.jpg,Trash,Trash
Screenshot-2025-07-22-093010_png.rf.72f8f676321f7d1f997ab471963ee273_aug10.jpg,Trash,Trash
Screenshot-2025-07-19-162201_png.rf.d855fd79819c1cf28be6b585681cdad9_aug2.jpg,Trash,Trash
Screenshot-2025-07-19-163748_png.rf.6697f44227a3422499c22299b54cd118_aug12.jpg,Trash,Trash
nm_843up.jpg,NoTrash,NoTrash
nm_1762up.jpg,NoTrash,NoTrash
gmn_6587up.jpg,NoTrash,NoTrash
Screenshot-2025-07-19-162238_png.rf.412dd4b7600df4e5da0acdbca3fdd18b_aug0.jpg,Trash,Trash
gmn_6018up.jpg,NoTrash,NoTrash
gmn_6176up.jpg,NoTrash,NoTrash
nm_3150up(1).jpg,NoTrash,NoTrash
nm_2515up.jpg,NoTrash,NoTrash
OIP_webp.rf.3074b5b5d3e7fe9d72d19dd8d3436313_aug10.jpg,Trash,Trash
test_9186up.jpg,NoTrash,NoTrash
nm_2153up.jpg,NoTrash,NoTrash
Screenshot-2025-07-22-094009_png.rf.8eec559299c77d614c75ca4c253e6914_aug14.jpg,Trash,Trash
nm_662up.jpg,NoTrash,NoTrash
nm_2902up.jpg,NoTrash,NoTrash
gmn_7443up.jpg,NoTrash,NoTrash
gmn_6820up.jpg,NoTrash,NoTrash
frame_25530_jpg.rf.7a3e91eec8e0e9376dafb17910c850f9.jpg,NoTrash,NoTrash
nm_2431up.jpg,NoTrash,NoTrash
gmn_7105up.jpg,NoTrash,NoTrash
Screenshot-2025-07-19-160803_png.rf.d1faba398857f026657a4758b4bbbc44_aug11.jpg,Trash,Trash
nm_743up.jpg,NoTrash,NoTrash
nm_909up.jpg,NoTrash,NoTrash
nm_1404up.jpg,NoTrash,NoTrash
nm_1690up.jpg,NoTrash,NoTrash
Screenshot-2025-07-22-094218_png.rf.f20fe0844a6251f4a5934566017090a2_aug14.jpg,Trash,Trash
nm_2195up.jpg,NoTrash,NoTrash
Screenshot-2025-07-19-163038_png.rf.0484491f85112ff4a3b4e42b7b57e2d6_aug14.jpg,Trash,Trash
Screenshot-2025-07-19-160632_png.rf.bc88e852a1277e8c77290818d504f2eb_aug3.jpg,Trash,Trash
nm_1893up.jpg,NoTrash,NoTrash
nm_1285up.jpg,NoTrash,NoTrash
gmn_6223up.jpg,NoTrash,NoTrash
Screenshot-2025-07-19-165000_png.rf.85cefd6e4c795225c00e515045706918_aug14.jpg,Trash,Trash
nm_1942up.jpg,NoTrash,NoTrash
Screenshot-2025-07-19-164130_png.rf.df77164074598b8d38bfd85d89020aa4_aug5.jpg,Trash,Trash
nm_1191up.jpg,NoTrash,Trash
nm_685up.jpg,NoTrash,NoTrash
Screenshot-2025-07-22-091819_png.rf.fd3b1b052c661c6b38fa75a542f2452c_aug8.jpg,Trash,Trash
Screenshot-2025-07-19-161559_png.rf.d089f3ed9c1d2cf9f7afd7829eacce2b_aug13.jpg,Trash,Trash
gmn_6850up.jpg,NoTrash,NoTrash
frame_34080_jpg.rf.5f128fa3a5997fb3bb978dfe979d18ae.jpg,NoTrash,NoTrash
Screenshot-2025-07-22-094059_png.rf.42d5f586a056522b214d4024ff63c6be_aug10.jpg,Trash,Trash
test_9317up.jpg,NoTrash,NoTrash
gmn_5710up.jpg,NoTrash,NoTrash
nm_1267up.jpg,NoTrash,NoTrash
nm_835up.jpg,NoTrash,NoTrash
gmn_6748up.jpg,NoTrash,NoTrash
nm_620up.jpg,NoTrash,NoTrash
gmn_6899up.jpg,NoTrash,NoTrash
gmn_5267up.jpg,NoTrash,NoTrash
Screenshot-2025-07-19-161010_png.rf.f125e8e335a8618fbfc9f05e995e4499_aug9.jpg,Trash,NoTrash
nm_94up.jpg,NoTrash,NoTrash
nm_2593up.jpg,NoTrash,NoTrash
gmn_5408up.jpg,NoTrash,NoTrash
Screenshot-2025-07-19-165411_png.rf.e64afa8c4647f899d8d2d513d41215e8_aug3.jpg,Trash,Trash
Screenshot-2025-07-19-164001_png.rf.eababd1cb3676edc5436be350f444540_aug5.jpg,Trash,Trash
nm_2123up.jpg,NoTrash,NoTrash
Screenshot-2025-07-19-165318_png.rf.85fff4924e804b38870b0e71397c3362_aug13.jpg,Trash,Trash
Screenshot-2025-07-22-092956_png.rf.560b13fa36c2684e06de9f32f6f5e380_aug8.jpg,Trash,Trash
Screenshot-2025-07-22-092737_png.rf.a5f992f7d70f35221e78738f81aa36d4_aug11.jpg,Trash,Trash
frame_23580_jpg.rf.111e77d09410bb06e20c86c75f8ce9ad.jpg,NoTrash,NoTrash
gmn_6686up.jpg,NoTrash,NoTrash
gmn_6738up.jpg,NoTrash,NoTrash
gmn_5906up.jpg,NoTrash,NoTrash
Screenshot-2025-07-19-161349_png.rf.f33ca91ea1347dd1048df8e37c924c33_aug14.jpg,Trash,Trash
gmn_5901up.jpg,NoTrash,NoTrash
Screenshot-2025-07-19-160906_png.rf.db405618b9e89f8585260024348e5ca5_aug11.jpg,Trash,Trash
Screenshot-2025-07-19-162622_png.rf.ef5c92ef68dc3ecf1c5dbb06c5fbe539_aug9.jpg,Trash,Trash
Screenshot-2025-07-22-094655_png.rf.07e44d196228c7d13273002e1145e07a_aug4.jpg,Trash,Trash
frame_10800_jpg.rf.a6b34e1e2ed0e7ad27841eab09856fdd.jpg,NoTrash,NoTrash
frame_16170_jpg.rf.b22fe4f5ee6eee69059a0d6ab9a82663.jpg,NoTrash,NoTrash
nm_1811up.jpg,NoTrash,NoTrash
Screenshot-2025-07-22-093742_png.rf.dd074d21f2789cc548ad849835c14983_aug3.jpg,Trash,Trash
nm_1781up.jpg,NoTrash,NoTrash
gmn_6839up.jpg,NoTrash,NoTrash
Screenshot-2025-07-22-092844_png.rf.f406a62045e83ac8f48537455d25ea3a_aug12.jpg,Trash,Trash
Screenshot-2025-07-19-161647_png.rf.e428c67e9d30c0b85197b6c602d9bf05_aug6.jpg,Trash,Trash
gmn_6009up.jpg,NoTrash,NoTrash
Screenshot-2025-07-19-163814_png.rf.a20b78e7fcf2ade84f61c2e066349f6f_aug3.jpg,Trash,Trash
Screenshot-2025-07-19-160429_png.rf.d1c5b736c88157bf54d214899aae3ae9_aug13.jpg,Trash,Trash
nm_3133up.jpg,NoTrash,NoTrash
Screenshot-2025-07-22-091514_png.rf.e6448dc8848857a2cf84b88675238690_aug13.jpg,Trash,Trash
gmn_5455up.jpg,NoTrash,NoTrash
gmn_5606up.jpg,NoTrash,NoTrash
gmn_7524up.jpg,NoTrash,NoTrash
test_9299up.jpg,NoTrash,NoTrash
Screenshot-2025-07-19-163202_png.rf.0678698d259ce4c430047deb27f3978b_aug4.jpg,Trash,Trash
Screenshot-2025-07-19-165404_png.rf.a42f9bf1799a1c8f58a1d149038adfe2_aug5.jpg,Trash,Trash
nm_153up.jpg,NoTrash,NoTrash
nm_2440up.jpg,NoTrash,NoTrash
Screenshot-2025-07-19-163024_png.rf.d1e9b8b39f128dc636f919a05c0cd6db_aug7.jpg,Trash,Trash
Screenshot-2025-07-19-163755_png.rf.b6e0687cdc485b7cbccddaec01fde348_aug0.jpg,Trash,Trash
Screenshot-2025-07-22-010112_png.rf.8776855f4d62c52d6ce8d1ceb674a545_aug13.jpg,Trash,Trash
gmn_6889up.jpg,NoTrash,NoTrash
nm_130up.jpg,NoTrash,NoTrash
test_9033up.jpg,NoTrash,NoTrash
gmn_7746up.jpg,NoTrash,NoTrash
nm_1202up.jpg,NoTrash,NoTrash
gmn_7914up.jpg,NoTrash,NoTrash
Screenshot-2025-07-19-165327_png.rf.41951e91458c2c1dba2b6bd14781790d_aug13.jpg,Trash,Trash
Screenshot-2025-07-19-162250_png.rf.82a8291b3fefe2a50ae0f91b84b6ecd4_aug13.jpg,Trash,Trash
gmn_5494up.jpg,NoTrash,NoTrash
nm_1177up.jpg,NoTrash,NoTrash
gmn_7978up.jpg,NoTrash,NoTrash
gmn_6583up.jpg,NoTrash,NoTrash
gmn_6879up.jpg,NoTrash,NoTrash
test_9108up.jpg,NoTrash,NoTrash
test_9291up.jpg,NoTrash,NoTrash
test_9192up.jpg,NoTrash,NoTrash
nm_3036up.jpg,NoTrash,NoTrash
nm_2648up.jpg,NoTrash,NoTrash
Screenshot-2025-07-19-161617_png.rf.5a5d8a2020e1f1c5543c7d338ee5e45f_aug3.jpg,Trash,Trash
frame_22620_jpg.rf.e252de531e415498a880cfa70e9b8974.jpg,NoTrash,NoTrash
nm_3060up.jpg,NoTrash,NoTrash
nm_590up.jpg,NoTrash,NoTrash
Screenshot-2025-07-22-093645_png.rf.6c4575a1795bde55720c73fdb6de5d25_aug4.jpg,Trash,NoTrash
test_9221up.jpg,NoTrash,NoTrash
nm_1609up.jpg,NoTrash,NoTrash
Screenshot-2025-07-19-162533_png.rf.8b9b0cf3ad8d237f6b20b04e47fae29c_aug1.jpg,Trash,Trash
nm_3074up.jpg,NoTrash,NoTrash
gmn_7268up.jpg,NoTrash,NoTrash
nm_2621up.jpg,NoTrash,NoTrash
